タイムスタンプ,作家名※氏名の間は詰めて下さい。,作品名,"作品画像を添付してください。
登録するための識別用なので「ラフな画像」「低解像度の画像」で構いません、正式なものは別途運営側で撮影します。
★作品自体がデータ（写真）で存在する場合はWEBサムネ表示用として短辺500pix以上の画像を添付してください。","販売税込価格
（お客様に提示する税込価格です、運営側のマージン込みの価格を設定してください）","エディションNo.「00/00」
（絵画など1点ものの場合：1/1）","使用画材・素材
（例：アクリル絵具、キャンバス）","制作年
（完成した年）",作品自体にサイン「あり／なし」,"作品サイズ
（縦x横x奥行、例：H300 x W150 x D30ｍm）",額の「あり／なし」,"額を含めたサイズ
（縦x横x奥行、例： H350 x W200 x D50ｍｍ）","動画「あり／なし」
（WEB掲載用、制作中や仕上げ工程を収めた動画）",備考、特記事項,ID,レジステータス,ECステータス,証明書ステータス,"販売状況
※複数個ある作品",列 1
2024/11/06 18:21:04,宮本拓也,光差す水辺,https://drive.google.com/open?id=1xB54xmWPpMIGyVy65FrYgUDAUqMR-Fiw,"¥66,000",1/1,アクリル絵具、キャンバス,2024,あり,F6/410x318mm,なし,,なし,,240020001,登録済,登録済,登録済,,
2024/11/06 18:27:03,宮本拓也,踊る花,https://drive.google.com/open?id=1QZyoMpoTQutCgZwNkDYM1hmqMIVaQ2bJ,"¥66,000",1/1,アクリル絵具、キャンバス,2024,あり,F6/410x318mm,なし,,なし,,240020002,完売,完売,登録済,,
2024/11/06 18:34:16,宮本拓也,高嶺の花,https://drive.google.com/open?id=1pAbQYTuvQlqqjO-4UkIX1vM0OaNy6R94,"¥66,000",1/1,アクリル絵具、キャンバス,2024,あり,F6/410x318mm,なし,,なし,,240020003,完売,完売,登録済,,
2024/11/06 18:36:31,宮本拓也,花の王,https://drive.google.com/open?id=18tY-KqS6LQfr3kg26Ql6M01cpgqZme_0,"¥66,000",1/1,アクリル絵具、キャンバス,2024,あり,F6/410x318mm,なし,,なし,,240020004,登録済,登録済,登録済,,
2024/11/06 18:38:55,宮本拓也,花瓶を割って逃げる花,https://drive.google.com/open?id=1L85DFLTQyFWptXdIhkIEYRdzjCGS8fyy,"¥66,000",1/1,アクリル絵具、キャンバス,2024,あり,F6/410x318mm,なし,,なし,,240020005,完売,完売,登録済,,
2024/11/06 18:47:31,宮本拓也,力強く咲く花,https://drive.google.com/open?id=1zntfzDkXlr1Qk04VNskBomd7_NhOeUOA,"¥110,000",1/1,アクリル絵具、キャンバス,2023,あり,F10/530x455mm,なし,,なし,,240020006,完売,完売,登録済,,
2024/11/06 18:58:29,宮本拓也,変色する花,https://drive.google.com/open?id=1sGYTCfId-rt9vR_VGQj5YnYs6cDmo778,"¥88,000",1/1,アクリル絵具、キャンバス,2023,あり,F8/455x380mm,なし,,なし,,240020007,登録済,登録済,登録済,,
2024/11/06 19:02:51,宮本拓也,青の世界の青の花,https://drive.google.com/open?id=1CQ6nStsFfJuD1toD8QTGNofg2cZizyvv,"¥88,000",1/1,アクリル絵具、キャンバス,2023,あり,F8/455x380mm,なし,,なし,,240020008,登録済,登録済,登録済,,
2024/11/06 19:22:33,宮本拓也,赤と水色の再会,https://drive.google.com/open?id=1-8uVJ_LSFmpzERihh_SEUNf2bamAw-tW,"¥165,000",1/1,アクリル絵具、キャンバス,2023,あり,F15/652ｘ530mm,なし,,なし,,240020009,登録済,登録済,登録済,,
2024/11/06 19:40:54,宮本拓也,赤と青の融合,https://drive.google.com/open?id=1fJlBfRNjZCHU0QFit3N2zWCqrbeBhX7m,"¥66,000",1/1,アクリル絵具、レジン液、キャンバス,2023,あり,S6/410x410mm,なし,,なし,,240020010,登録済,登録済,登録済,,
2024/11/08 23:21:16,加藤陽雨,Magic hour,https://drive.google.com/open?id=1gStzoInrAzlIqbxkl6bTw1movn-zc_Wz,"¥400,000",1/1,和紙、岩絵具、墨,2020,あり,910×1167×35mm,あり,912mm× 1169mm×3.5cm,なし,額縁は取り外しても良い,240100001,登録済,登録済,登録済,,
2024/11/08 23:44:11,加藤陽雨,●「A」,https://drive.google.com/open?id=154vNvSFhCcC0Xf9fC8-2Wx5spBoIgUPI,"¥50,000",1/1,ボールペン,2023年,あり,240×333×20mm,なし,,なし,"2025/10/27 U5に伴う売価変更：60,000⇒50,000",240100002,登録済,売止,登録済,,
2024/11/09 8:51:26,宮本拓也,樹海,https://drive.google.com/open?id=1rzQTHV91FrA0BR36yWC6X1BSQzK1vT7t,"¥44,000",1/1,アクリル絵具、レジン液、キャンバス,2023,あり,F4/333ｘ242mm,なし,,なし,,240020011,完売,完売,登録済,,
2024/11/09 8:53:58,宮本拓也,深海,https://drive.google.com/open?id=1VvHtLwU0by7IH_B1yb29TwTYfK-a2dhE,"¥44,000",1/1,アクリル絵具、レジン液、キャンバス,2023,あり,F4/ 333ｘ242mm,なし,,なし,,240020012,完売,完売,登録済,,
2024/11/09 10:02:04,宮本拓也,樹皮,https://drive.google.com/open?id=1lUv2kQcwuQrpdt53IoGGEwcrHvgDlAaz,"¥44,000",1/1,アクリル絵具、レジン液、キャンバス,2023,あり,F4/333ｘ242mm,なし,,なし,,240020013,登録済,登録済,登録済,,
2024/11/09 10:04:38,宮本拓也,一輪の花,https://drive.google.com/open?id=1D9cTaHqw7iJqJfNgFID1D2u-cNUn57dN,"¥33,000",1/1,アクリル絵具、レジン液、キャンバス,2023,あり,F3/273ｘ220mm,なし,,なし,,240020014,完売,完売,登録済,,
2024/11/09 10:07:04,宮本拓也,一輪の花,https://drive.google.com/open?id=17VfcZ_5QSpx1WnvWc_1VljM9_M9RE-gR,"¥33,000",1/1,アクリル絵具、レジン液、キャンバス,2023,あり,F3/273ｘ220mm,なし,,なし,,240020015,登録済,登録済,登録済,,
2024/11/09 10:09:09,宮本拓也,一輪の花,https://drive.google.com/open?id=1s3Ikrh-gdr-OJu7-TqZCddsOf0QLg8vi,"¥33,000",1/1,アクリル絵具、レジン液、キャンバス,2023,あり,F3/273ｘ220mm,なし,,なし,,240020016,完売,完売,登録済,,
2024/11/09 16:01:33,海島亜美,●Negative,https://drive.google.com/open?id=1zYFFRuJxE1PSXcA1UmJpyTNEvNfRVX4c,"¥40,000",1/1,アクリル絵具、キャンバス,2024年,あり,F10/530x455mm,なし,,なし,色んな人と比べて自分がいかに何も出来てないのか、と思うことがあ る。 人との出会い、様々な経験のおかげで視野が広がるはずが、「自分はまだまだだ、ダメなんだ」という捉え方をして、逆にダメージを負ってしまう。 歪んだ捉え方をしたとき、どうやってポジティブな方向に向ければいいんだろうか。,240030001,登録済,売止,登録済,,
2024/11/09 16:03:25,海島亜美,Positive,https://drive.google.com/open?id=1JapzxWngkrou36c-dRMmADEfWaVy98Tq,"¥40,000",1/1,アクリル絵具、キャンバス,2024,あり,F10/530x455mm,なし,,なし,色々な人との出会いや、色々な経験をして得た物は、視野を広げることにおいてとても重要な役割になってくる上手く汲み取って自分の人生の糧に出来れば、広がった視野を使って人に優しくできる。鮮やかな色、柔らかい質感を、人の優しさだと思って感じとって欲しい。,240030002,完売,完売,登録済,,
2024/11/09 16:09:53,海島亜美,●可能性を探索する,https://drive.google.com/open?id=1WiWbi1tiaSY0iauhA1UeFdj1bD00wsf5,"¥50,000",1/1,アクリル絵具、キャンバス,2024,あり,F10/530x455mm,なし,,なし,どうしようもなく自分が無力だと思った時 何とか足掻いて 自分の中に何かがあるかも、と模索して正気を保とうとする時がある。 内側からと飛び散った私自身の可能性はキャンバスに収まりきらずに飛び出ていくように思える自分に出来ることはなんだろう。自分にできたことはなんだろう。 いつになっても自分が信じられないままで自分と向き合うことが精一杯なままでいる。,240030003,登録済,売止,登録済,,
2024/11/09 16:18:03,海島亜美,●葡萄,https://drive.google.com/open?id=1I6T_i16L42IFZylLNHR5I2NY_qJJr9j1,"¥30,000",1/1,アクリル絵具、メディウム、キャンバス,2024,あり,S6/410x410mm,なし,,なし,眼球果実シリーズ。 私は人体の中で美味しそうだと感じる部分は眼球だと思っている。 ぷりぷりしてて、瑞々しくて、まるで果実のようだ。 そんな気持ちから生まれた絵。,240030004,登録済,売止,登録済,,
2024/11/09 16:22:57,海島亜美,林檎,https://drive.google.com/open?id=1QTXDVoakUGbdTUlV6g0e3gbHzmB0kfsA,"¥30,000",1/1,アクリル絵具、メディウム、キャンバス,2024,あり,F8/455x380mm,なし,,なし,眼球果実シリーズ。 私は人体の中で美味しそうだと感じる部分は眼球だと思っている。 ぷりぷりしてて、瑞々しくて、まるで果実のようだ。 そんな気持ちから生まれた絵。,240030005,完売,完売,登録済,,
2024/11/13 18:19:49,荒木則行,星の湖,https://drive.google.com/open?id=1vsXNJ8iKymuowjrb9iX3L585zJrWdQgf,"¥500,000",1/1,写真、フォトアクリル,2024,あり,H900×W600mm,あり,H60×W90cm,なし,,240080001,登録済,登録済,,,
2024/11/13 18:23:22,荒木則行,霧の朝の湖面にて,https://drive.google.com/open?id=1aOIbJpDur0aCQ2HmQkcsFT9s7eTXReN8,"¥500,000",1/1,写真、フォトアクリル,2024,あり,H900×W600mm,あり,H90×W60cm,なし,,240080002,登録済,登録済,,,
2024/11/17 11:09:43,三坂日奈子,butterfly,https://drive.google.com/open?id=1GeWMxOY4OYhrmBpi5QuHTHO_jZiLiioL,"¥66,000",1/1,"キャンバス,油彩",2024,あり,H318×W410×D20mm,なし,,なし,サインは作品の裏側にあります,240090001,登録済,登録済,登録済,,
2024/11/18 15:31:28,宮本拓也,親の笑顔,https://drive.google.com/open?id=1cj6FDBSFNAU6w5VvFHwBf2iLZR0q777B,"¥110,000",1/1,アクリル絵具、キャンバス,2023,あり,F10/530x450mm,なし,,なし,,240020017,登録済,登録済,登録済,,
2024/11/18 15:33:32,宮本拓也,子の笑顔,https://drive.google.com/open?id=1BYn_PtjMmLgwNgTEHkosWmj1hZNy-uhg,"¥44,000",1/1,アクリル絵具、キャンバス,2023,あり,F4/333x242mm,なし,,なし,,240020018,登録済,登録済,登録済,,
2024/11/18 15:44:07,宮本拓也,新たな生命,https://drive.google.com/open?id=18xGJzL7GvMafbRmvZybNonIuCj2Pfq1G,"¥44,000",1/1,アクリル絵具、キャンバス,2023,あり,F4/333x242mm,なし,,なし,,240020019,登録済,登録済,登録済,,
2024/11/19 5:33:17,加藤陽雨,キライナアノコ,https://drive.google.com/open?id=1wsU_NhBXvpboFSQ7GQRPCGkqM6ph8qZ_,"¥60,000",1/1,ボールペン、糸、つけまつげ,2022,あり,650×500×23mm,あり,69.0cm×54.0cm×4.5cm,なし,額は仮額なので取り去ってもokです,240100003,完売,完売,登録済,,
2024/11/19 14:52:24,宮本拓也,黒の花,https://drive.google.com/open?id=1WA4BeKJCJnbNpE_qfTobxn2PPxDlvo0T,"¥33,000",1/1,アクリル絵具、キャンバス,2023,あり,F3/273x220mm,なし,,なし,,240020020,完売,完売,登録済,,
2024/11/19 18:24:43,宮本拓也,異世界の花,https://drive.google.com/open?id=1RmNexC55tVPVo8m0KxFkkwYfh4Y8uTGD,"¥33,000",1/1,アクリル絵具、キャンバス,2023,あり,F3/273x220mm,なし,,なし,,240020021,完売,完売,登録済,,
2024/11/19 21:30:27,浅野堅一,Face and shadow,https://drive.google.com/open?id=17hvVytnDjaRpVhhUnBmGE67FrppuBign,"¥88,000",1/5,漆喰フィルム、アーカイバルピグメントプリント,2024,あり,H500×W400mm,あり,,なし,サイズ変更可、サイズ変更で価格変動,240070001,登録済,登録済,登録済,,
2024/11/21 10:52:46,海島亜美,●お腹痛い,https://drive.google.com/open?id=1q4oSaNWYZxCvzCKQh-Z5mylzNvw_jYsG,"¥15,000",1/1,アクリル絵具、キャンバス,2023,あり,221mm×273mm,なし,,なし,女の人ならきっと、感じたことのある痛み。あとどれ位、向き合っていかなければならないのだろうか。,240030006,登録済,売止,登録済,,
2024/11/21 10:55:31,海島亜美,●細胞の鼓動,https://drive.google.com/open?id=1aWkZ0kjsCc2npGRU2TXmacH-VcLmypCo,"¥30,000",1/1,アクリル絵具、キャンバス,2024,あり,455mmx380mm,なし,,なし,体の中にある細胞一つ一つを感じたい。 目を瞑って自分の中身と向き合ってみる。 生きている。 細胞一つ一つが動いているのを感じる。 細胞規模で自分と向き合うことも楽になれる1つの考え方なのかもしれない。,240030007,登録済,売止,登録済,,
2024/11/21 11:04:50,海島亜美,●思考迷路 silver,https://drive.google.com/open?id=1iHepDjoTmxTcbKsQXS8SQYleu5mPKYHv,"¥45,000",1/1,アクリル絵具、キャンバス,2024,あり,380mmx455mm,なし,,なし,頭の中が凝り固まってしまって、進めなくなった時の自分の脳みそは、色を失っている。しかし、自分の中にある考えの偏り、固まった思考の中でも、少しの輝きがある。それを自分で捉えられるかどうかが鍵になってくる。,240030008,登録済,売止,登録済,,
2024/11/21 11:13:27,海島亜美,●境界線,https://drive.google.com/open?id=1RbwtxeqamsUDAqoa-5qUlThHaybKD7jO,"¥50,000",1/1,アクリル絵具、キャンバス,2024,あり,334mm×243mm,なし,,なし,感情が有り余ることと、すべてを諦めて無になろうとすることは表裏一体。 この境界線には凝縮された様々な感情が詰まっている。それを掴めるようになれば前に進めるはず。 ただ、私にはまだそれが分からないし、分からない時期なのかもしれない。,240030009,登録済,売止,登録済,,
2024/11/21 11:17:39,海島亜美,●切る、出る,https://drive.google.com/open?id=1vwLMjxdJ3NEbEqEkefRuNyiwq-QiHEmD,"¥20,000",1/1,アクリル絵具、キャンバス,2023,あり, 273mm×221mm,なし,,なし,衝動的に自分に当たってしまう気持を絵にぶつけて、切った。 切る行為は、自分の中身と向き合うことを諦めた一時的な表面の変化でしかない。 考えて探るとこまで進まず、この瞬間の安堵だけを求めている。,240030010,登録済,売止,登録済,,
2024/11/21 11:21:15,海島亜美,●鮮やかに見えた一瞬の光,https://drive.google.com/open?id=1mtMxP7sF0at58a6_tXno5BfymBlVoRqJ,"¥20,000",1/1,アクリル絵具、キャンバス,2023,あり,334mm×243mm,なし,,なし,やり場のない苦しい気持ちが爆発した時、気持ちはスッキリする。 しかしまた時間が経つと衝動が来る。 血が流れ出ている時間はその鮮やかさに浸れるのに、時間が過ぎるにつれ鮮やかさを失う。,240030011,登録済,売止,登録済,,
2024/11/21 11:26:11,海島亜美,●傷,https://drive.google.com/open?id=1Bs0S5_mg0bKPAVfN-wszpBLaFbviqbFa,"¥20,000",1/1,アクリル絵具、キャンバス,2023,あり,273mm×221mm,なし,,なし,外側も内側もきれいな色でありたい。 たとえそれが傷口だとしても、流れ出るものも綺麗であれば、嫌がられることはないので綺麗に見せようとする。 幻想の色に浸って、自分の本来の内側の色と向き合えないまま綺麗なところだけを見せて評価される事は、本当の喜びなのだろうか。,240030012,登録済,売止,登録済,,
2024/11/21 11:30:49,海島亜美,●感謝と迷い,https://drive.google.com/open?id=1BdlKocVw1xn_8IZXEq3R8fA3adY8eVf9,"¥35,000",1/1,アクリル絵具、木製パネル,2023,あり,333mm×530 mm,なし,,なし,支えてくれる人がいて、自分を一時的には受け入れたが、頼りっぱなしの自分で本当にいいのか迷い続けている。 苦しい感情を素直に表現できて良かったという安堵と、このままで素直でいられるのか不安な気持ちが混ざっている。,240030013,登録済,売止,登録済,,
2024/11/21 11:37:48,海島亜美,●葛藤,https://drive.google.com/open?id=1SnzMXA6XGEiIz9c1hgMniW4JjxmnTeB6,"¥25,000",1/1,アクリル絵具、キャンバス,2024,あり,334mm×243mm,なし,,なし,頭で理解していても体は動かない。 やりたい事の基盤があるのに、無駄な感情や、思った通りに動けないときの圧倒的な力が邪魔をする。,240030014,登録済,売止,登録済,,
2024/11/21 11:42:39,海島亜美,●食べても味がしない,https://drive.google.com/open?id=1jOr8H6UtVDyFGdG5WfMqOwIOJGv00lGt,"¥20,000",1/1,アクリル絵具、キャンバス,2023,あり,273mm×221mm,なし,,なし,心がすり減っているとどんなに美味しそうでどんなにお腹が空いていても食べ物を口に入れても味がしない。 触感だけが口に残り、不快になる。,240030015,登録済,売止,登録済,,
2024/11/21 13:03:42,三坂日奈子,flowers,https://drive.google.com/open?id=1DPpjG9aMShzB-fm9XfeesO1R9_vhMGVP,"¥66,000",1/1,油彩、キャンバス,2024,あり,318×410×20mm,なし,,なし,サインは裏側にあります,240090002,登録済,登録済,登録済,,
2024/11/21 13:07:14,三坂日奈子,small city,https://drive.google.com/open?id=1-KYP3HwyaIE1aDyO0DjSN1ary4eOXkjt,"¥88,000",1/1,油彩、キャンバス,2024,あり,530×530×20mm,なし,,なし,サインは裏側にあります,240090003,登録済,登録済,登録済,,
2024/11/21 13:09:33,宮本拓也,一輪の花➀,https://drive.google.com/open?id=1QWyoVB8QfmX6HGmC_kPfc203qrzfiDT3,"¥11,000",1/1,"アクリル絵具、キャンバス
",2023,あり,F0/180ｘ140mm,なし,,なし,,240020022,完売,完売,登録済,,
2024/11/21 13:11:37,宮本拓也,一輪の花②,https://drive.google.com/open?id=13UhNIqzc_MWfF-97vn2JZk1OzjNdGbA-,"¥11,000",1/1,"アクリル絵具、キャンバス
",2023,あり,F0/180ｘ140mm,なし,,なし,,240020023,完売,完売,登録済,,
2024/11/21 13:11:43,三坂日奈子,white dogⅡ,https://drive.google.com/open?id=1zSDgg6ao_faKdV2CtCcEUJ3zi-twMJ6R,"¥33,000",1/1,油彩、キャンバス,2024,あり,220×273×20mm,なし,,なし,サインは裏側にあります,240090004,登録済,登録済,登録済,,
2024/11/21 13:13:27,宮本拓也,一輪の花③,https://drive.google.com/open?id=1OBMR4eOgyJybKD9PDSIz54UtIXqgMmKo,"¥11,000",1/1,アクリル絵具、キャンバス,2023,あり,F0/180ｘ140mm,なし,,なし,,240020024,完売,完売,登録済,,
2024/11/21 13:15:32,宮本拓也,一輪の花④,https://drive.google.com/open?id=189bA4XfOtGWzehoEWwjk2qFi5rJrxfGE,"¥11,000",1/1,アクリル絵具、キャンバス,2023,あり,F0/180ｘ140mm,なし,,なし,,240020025,完売,完売,登録済,,
2024/11/21 13:23:03,宮本拓也,一輪の花⑤,https://drive.google.com/open?id=1GxzJFwrhez71Nk3UidJOMSfAeyzV2hFU,"¥11,000",1/1,アクリル絵具、キャンバス,2023,あり,F0/180ｘ140mm,なし,,なし,,240020026,完売,完売,登録済,,
2024/11/21 13:26:24,宮本拓也,一輪の花⑥,https://drive.google.com/open?id=1hGa4UxoZtTgq7qta6LcCLSkvyqJIIPwC,"¥11,000",1/1,アクリル絵具、キャンバス,2023,あり,F0/180ｘ140mm,なし,,なし,,240020027,完売,完売,登録済,,
2024/11/21 13:28:48,宮本拓也,一輪の花⑦,https://drive.google.com/open?id=15vvLMuu_didO00GlA7VuKWKsgrL57hmU,"¥11,000",1/1,アクリル絵具、キャンバス,2023,あり,F0/180ｘ140mm,なし,,なし,,240020028,登録済,登録済,登録済,,
2024/11/21 13:30:34,宮本拓也,一輪の花⑧,https://drive.google.com/open?id=1rn-EUhzVzU5RlQkq12HJdqyJ_WqbRljR,"¥11,000",1/1,アクリル絵具、キャンバス,2023,あり,F0/180ｘ140mm,なし,,なし,,240020029,完売,完売,登録済,,
2024/11/21 13:32:37,宮本拓也,一輪の花⑨,https://drive.google.com/open?id=1xy8MUrCGU_S7YHzlQ2NvE0QVp-OJw4FU,"¥11,000",1/1,アクリル絵具、キャンバス,2023,あり,F0/180ｘ140mm,なし,,なし,,240020030,完売,完売,登録済,,
2024/11/21 13:35:08,宮本拓也,一輪の花⑩,https://drive.google.com/open?id=1M0EA06h9MeNKhJQexMQArXgUzZLjiyVt,"¥11,000",1/1,アクリル絵具、キャンバス,2023,あり,F0/180ｘ140mm,なし,,なし,,240020031,完売,完売,登録済,,
2024/11/21 13:37:07,宮本拓也,一輪の花⑪,https://drive.google.com/open?id=1NX_Aiu88Oy84uUd_A1GlLH365YXBz7eH,"¥11,000",1/1,アクリル絵具、キャンバス,2023,あり,F0/180ｘ140mm,なし,,なし,,240020032,完売,完売,登録済,,
2024/11/21 13:38:44,宮本拓也,一輪の花⑫,https://drive.google.com/open?id=1oEzoXKn3sra1MF6FzaqcN-Uf1S5t5gPa,"¥11,000",1/1,アクリル絵具、キャンバス,2023,あり,F0/180ｘ140mm,なし,,なし,,240020033,登録済,登録済,登録済,,
2024/11/21 20:34:45,宮本拓也,過去が現在に繋ぎ現在が未来へと繋ぎ秒針が示す時間は人間の記憶に残す,https://drive.google.com/open?id=1dJPvpwHCYbE6Gvhc9Tk4_5JsXJX3sHDW,"¥550,000",1/1,アクリル絵具、時計、キャンバス,2024,あり,F50/1167x910mm,なし,,なし,,240020034,登録済,登録済,登録済,,
2024/11/21 20:37:08,宮本拓也,時計の内部と地球の動き,https://drive.google.com/open?id=1MTpoITCNtIlmprVRMoqg3xfSPkMwoO3y,"¥330,000",1/1,アクリル絵具、キャンバス,2024,あり,F30/910x727mm,なし,,なし,,240020035,登録済,登録済,登録済,,
2024/11/21 20:39:06,宮本拓也,自分にしかない今という時間,https://drive.google.com/open?id=1IhP4VXsbRF_-mPUK400xuIqT1qK8UCX7,"¥330,000",1/1,アクリル絵具、キャンバス,2024,あり,F30/910x727mm,なし,,なし,,240020036,登録済,登録済,登録済,,
2024/11/21 20:42:14,宮本拓也,時計の世界が見せるあなたの日常生活,https://drive.google.com/open?id=14TnGZlzahk2sE5L5gX2bKrrwoX13Y-vH,"¥66,000",1/1,アクリル絵具、キャンバス,2024,あり,F6/410x318mm,なし,,なし,,240020037,登録済,登録済,登録済,,
2024/11/21 20:44:18,宮本拓也,時計と生命12色の混ざり合い,https://drive.google.com/open?id=1dBdcVtLv9BH2hKcAfkNfOkR6SBhjy8iQ,"¥110,000",1/1,アクリル絵具、キャンバス,2024,あり,F10/530x455mm,なし,,なし,,240020038,登録済,登録済,登録済,,
2024/11/21 20:46:48,宮本拓也,時計の世界が見せるあなたの行動,https://drive.google.com/open?id=1C9K3U1ES-Iw0Ef50JvfJmvXHrqldbd9v,"¥66,000",1/1,アクリル絵具、キャンバス,2024,あり,F6/410x318mm,なし,,なし,,240020039,登録済,登録済,登録済,,
2024/11/21 20:48:30,宮本拓也,時計の時空,https://drive.google.com/open?id=1LLzOGLbiAaDx-qghKFh5UQ9IzHmEjL14,"¥66,000",1/1,アクリル絵具、キャンバス,2024,あり,F6/410x318mm,なし,,なし,,240020040,登録済,登録済,登録済,,
2024/11/21 20:50:04,宮本拓也,時計の入り口,https://drive.google.com/open?id=1cToT4alwXnv3UdcOgWf3CWkLkMt-gKM2,"¥66,000",1/1,アクリル絵具具、キャンバス,2024,あり,F6/410x318mm,なし,,なし,,240020041,登録済,登録済,登録済,,
2024/11/22 16:33:18,stripemaryakaタテコ。,みうの宝物。,https://drive.google.com/open?id=1hEuQW6Nktd7jC9DM0Z5_DWT0bU0bJt1g,"¥1,100,000",1/1,広告、写真、イラストボード,2024,なし,H1030×W728×D2.5,あり,"H1,150×W850×D30mm",なし,2026/3/25　アートボーン卒業のため売止,240050001,売止,登録済,登録済,,
2024/11/22 16:38:30,stripemaryakaタテコ。,天才肌、鬼才、繊細、時々くもり。,https://drive.google.com/open?id=13mKbRK724KR-TgSZ1UCP4kg60v-BAz3e,"¥1,000,000",1/1,広告、写真、イラストボード,2024,なし,H841×W594×D2.5,あり,H975×W735×D28mm,なし,2026/3/25　アートボーン卒業のため売止,240050002,売止,登録済,登録済,,
2024/11/22 16:43:05,stripemaryakaタテコ。,ミッシェル,https://drive.google.com/open?id=1mABgAw9sSuPoHTCcginwuLvB-uHpDhF2,"¥900,000",1/1,広告、写真、イラストボード,2024,なし,H728×W515×D2.5,あり,H865×W655×D20mm,なし,2026/3/25　アートボーン卒業のため売止,240050003,売止,登録済,登録済,,
2024/11/22 16:49:19,stripemaryakaタテコ。,29,https://drive.google.com/open?id=1gLfbYGWy9ulfkypQ6DY0PE1EORq8li68,"¥100,000",1/1,写真、イラストボード,2023,あり,H257×W182×D2.5,あり,H300×W400×D20mm,なし,2026/3/25　アートボーン卒業のため売止,240050004,売止,登録済,登録済,,
2024/11/22 16:53:10,stripemaryakaタテコ。,鮨　sushi,https://drive.google.com/open?id=1UtOtHuZn9PnHTzHrUi5kuczzS5UF6Jmt,"¥100,000",1/1,写真、イラストボード,2023,なし,H257×W182×D2.5,あり,H340×W430×D25mm,なし,,240050005,完売,完売,登録済,,
2024/11/22 16:56:51,stripemaryakaタテコ。,pop.,https://drive.google.com/open?id=1DntMJmoz_ALcfZQMy7YmWFQ94fBzK5qK,"¥100,000",1/1,写真、イラストボード,2023,なし,W257×H182×D2.5,あり,H348×W440×D30mm,なし,2026/3/25　アートボーン卒業のため売止,240050006,売止,登録済,登録済,,
2024/11/23 5:01:20,ヤマモトマサル,NOMATTER×UK「ふたりぼっちの食卓」,https://drive.google.com/open?id=1kdUBtBboUBe1Ri5nrV6lDQyqo0MfsTJi,"¥120,000",1/1,"ハーネミューレファインアート紙,、顔料インク（耐光性・耐オゾン性）",2013年,あり,縦270mm　横340mm,あり,縦347×横423×奥行20mm,なし,,240040001,登録済,登録済,登録済,,
2024/11/23 5:03:42,ヤマモトマサル,NOMATTER×UK「チャーリー・アンダーソン」,https://drive.google.com/open?id=1Hi0hNicWNvEbpw4kbaHuv1eFcGOoweKX,"¥120,000",1/1,"ハーネミューレファインアート紙,、顔料インク（耐光性・耐オゾン性）",2013年,あり,縦270mm　横340mm,あり,縦347×横423×奥行20mm,なし,,240040002,登録済,登録済,登録済,,
2024/11/23 5:07:50,ヤマモトマサル,NOMATTER×UK「ロニーの親友」,https://drive.google.com/open?id=1sss-sCPoOaR1IXDcY7B72wcilduS-Xua,"¥120,000",1/1,"ハーネミューレファインアート紙,、顔料インク（耐光性・耐オゾン性）",2013年,あり,縦270mm　横340mm,あり,縦347×横423×奥行20mm,なし,,240040003,登録済,登録済,登録済,,
2024/11/23 5:09:39,ヤマモトマサル,NOMATTER×UK「DAIRY ICE CREAM」,https://drive.google.com/open?id=1hBJVo_HbJwT-Fu1L2BaA5WmFvgmrqccz,"¥120,000",1/1,"ハーネミューレファインアート紙,、顔料インク（耐光性・耐オゾン性）",2013年,あり,縦270mm　横340mm,あり,縦347×横423×奥行20mm,なし,,240040004,登録済,登録済,登録済,,
2024/11/23 5:11:08,ヤマモトマサル,NOMATTER×UK「理不尽な午後」,https://drive.google.com/open?id=1OPU3yi4ZLAK75unVAgshal3E_H8ZcjgM,"¥120,000",1/1,"ハーネミューレファインアート紙,、顔料インク（耐光性・耐オゾン性）",2013年,あり,縦270mm　横340mm,あり,縦347×横423×奥行20mm,なし,,240040005,登録済,登録済,登録済,,
2024/11/23 5:12:33,ヤマモトマサル,NOMATTER×UK「オリバー教授」,https://drive.google.com/open?id=1IwC7rgtWO95ThvKfPGvP8ncWcn8NZSUo,"¥200,000",1/1,"ハーネミューレファインアート紙,、顔料インク（耐光性・耐オゾン性）",2013年,あり,縦270mm　横340mm,あり,縦347×横423×奥行20mm,なし,,240040006,登録済,登録済,登録済,,
2024/11/23 5:15:45,ヤマモトマサル,NOMATTER×UK「オリヴィア・ピッツバーグ」,https://drive.google.com/open?id=1bTcjezqCwcxGohIhMs8Ys-yL8aAPRXUv,"¥120,000",1/1,"ハーネミューレファインアート紙,、顔料インク（耐光性・耐オゾン性）",2013年,あり,縦270mm　横340mm,あり,縦347×横423×奥行20mm,なし,,240040007,登録済,登録済,登録済,,
2024/11/23 5:18:29,ヤマモトマサル,NOMATTER×UK「メトロポリタン行進曲」,https://drive.google.com/open?id=1y7qOQi4cOx28vmWAXMi4v1SRnweTvGT7,"¥120,000",1/1,"ハーネミューレファインアート紙,、顔料インク（耐光性・耐オゾン性）",2013年,あり,縦270mm　横340mm,あり,縦347×横423×奥行20mm,なし,,240040008,登録済,登録済,登録済,,
2024/11/23 5:21:24,ヤマモトマサル,NOMATTER×UK「クラスメイトオブチャーリー」,https://drive.google.com/open?id=13B7sHwDI6loHK3nEQ4rvXq7Z-G3a0EVv,"¥120,000",1/1,"ハーネミューレファインアート紙,、顔料インク（耐光性・耐オゾン性）",2013年,あり,縦270mm　横340mm,あり,縦347×横423×奥行20mm,なし,,240040009,登録済,登録済,登録済,,
2024/11/23 5:26:27,ヤマモトマサル,NOMATTER×UK「王冠と羊」,https://drive.google.com/open?id=113vIWPez4LEgUYDi3o8-5DqmdaSGb_0V,"¥120,000",1/1,"ハーネミューレファインアート紙,、顔料インク（耐光性・耐オゾン性）",2013年,あり,縦270mm　横340mm,あり,縦347×横423×奥行20mm,なし,,240040010,登録済,登録済,登録済,,
2024/11/24 22:01:10,三桝正典,時の形　J1,https://drive.google.com/open?id=1RuytLukrnPo7_bPzknYSHiH97wmw2_IA,"¥39,000",1/1,和紙、箔,2024,なし,180×140mm,なし,,なし,,240060001,登録済,登録済,作家記入待ち,,
2024/11/24 22:03:58,三桝正典,時の形　J2,https://drive.google.com/open?id=1jbsJxIwxdD5GFEOWmOACU8f09OkibdNb,"¥39,000",1/1,和紙、箔,2024,なし,180×140mm,なし,,なし,,240060002,登録済,登録済,作家記入待ち,,
2024/11/24 22:06:20,三桝正典,時の形　J3,https://drive.google.com/open?id=1XNp-H6jnPiD9BzAGjJf6TIO-8fsEWWbt,"¥39,000",1/1,和紙、箔,2024,なし,180×140mm,なし,,なし,,240060003,登録済,登録済,作家記入待ち,,
2024/11/24 22:08:43,三桝正典,時の形　J4,https://drive.google.com/open?id=1ibZw5ZOYN-DdZpVMzrV-cD9Ebv2Tv73V,"¥39,000",1/1,和紙、箔,2024,なし,180×140mm,なし,,なし,,240060004,登録済,登録済,作家記入待ち,,
2024/11/24 22:10:33,三桝正典,時の形　J5,https://drive.google.com/open?id=1it-Mr6N06oKOdwygy4YrN_MMcq_6tyh_,"¥39,000",1/1,和紙、箔,2024,なし,180×140mm,なし,,なし,,240060005,登録済,登録済,作家記入待ち,,
2024/11/24 22:12:29,三桝正典,時の形　J6,https://drive.google.com/open?id=1_vQDCjOQ7GkkBSQOfz7u5Tzh0ALjSd6B,"¥39,000",1/1,和紙、箔,2024,なし,180×140mm,なし,,なし,,240060006,登録済,登録済,作家記入待ち,,
2024/11/24 22:14:21,三桝正典,時の形　J7,https://drive.google.com/open?id=1qTSBCWlP_5LdXo466u7pJrKjqv2ep25L,"¥39,000",1/1,和紙、箔,2024,なし,180×140mm,なし,,なし,,240060007,登録済,登録済,作家記入待ち,,
2024/11/24 22:16:02,三桝正典,時の形　J8,https://drive.google.com/open?id=1f5y8JAN6sMGfhF5s4vIjnjX5HvlOMHYU,"¥39,000",1/1,和紙、箔,2024,なし,180×140mm,なし,,なし,,240060008,登録済,登録済,作家記入待ち,,
2024/11/25 15:55:47,海島亜美,●正しさ,https://drive.google.com/open?id=1TyNIADxp2-WP3vAzvygXdjAP1uiT_FO1,"¥40,000",1/1,アクリル絵具、キャンバス,2024,あり,530×530mm,なし,,なし,正しさは人それぞれだから難しい。 人に優しくするのがいいのかもしれないけれど 自分を削るのは正解なのだろうか。,240030016,登録済,売止,登録済,,
2024/11/25 15:57:44,海島亜美,思考迷路,https://drive.google.com/open?id=1KgJ9xy74T6pWAPM4gAHwZr_bBLoOiCPX,"¥60,000",1/1,アクリル絵具、キャンバス,2024,あり,606×727mm,なし,,なし,思考に終わりはない。抜けれない迷路のようなものだと思っている。 見たことのない自分の中身を想像して、自分の色を想像して、形にした時に、やっと自分自身と向き合える。 情報が飛び交う世の中で、自分自身と向き合う時間より、周りのことを気にする時間の方が多くなっていないだろうか。 永遠に人生を共にする自分自身のことを知ろうとする時間も必要だと思う。 2024/12/17 ARTBORN以外で売約済みのため売止にする,240030017,売止,売止,登録済,,
2024/11/25 16:20:03,海島亜美,●生きている,https://drive.google.com/open?id=1t932nfVu_s9SQ3leqDXmWVAavcQgoVu6,"¥40,000",1/1,クレヨン、アクリル絵具、キャンバス,2024,あり,530×410mm,なし,,なし,死なずにわざわざ生きてしたいことを見つけて生きてる。 何故生きてるのかはただ、生きたいからで生きたいのは産まれてきたからで一瞬一瞬を無駄にしないようにしたい 今の自分を無駄にしたくない 今流れてる血をずっと感じながら 生きてるんだ、自分は、と思いながら生きたい,240030018,登録済,売止,登録済,,
2024/11/25 16:20:04,三桝正典,白カラス（大）,https://drive.google.com/open?id=1Shu1zi9jLJ9K5lm0_imnuLc8fwdhCyxw,"¥390,000",1,和紙、箔,2024,,400×900mm,なし,,なし,,240060009,登録済,登録済,登録済,,
2024/11/25 16:20:04,三桝正典,光の音 b5,https://drive.google.com/open?id=1KbbiG0aQ_87eUOWEpFYuZwjzRWZnWdRx,"¥80,000",1,和紙、箔,2024,,360×255mm,なし,,なし,,240060010,登録済,登録済,登録済,,
2024/11/25 16:20:04,三桝正典,白カラス k2,https://drive.google.com/open?id=1S9ENfgnekXZdb1qixR6r3nipKUOPKie8,"¥100,000",1,和紙、箔,2024,,360×255mm,なし,,なし,,240060011,登録済,登録済,登録済,,
2024/11/25 16:20:04,三桝正典,光の音 s2,https://drive.google.com/open?id=1hO66zuI_A8UNvs5o5hp2XF1XbUe8mTKF,"¥50,000",1,和紙、箔,2024,,180×140mm,なし,,なし,,240060012,完売,完売,登録済,,
2024/11/25 16:20:04,三桝正典,白カラス k1,https://drive.google.com/open?id=1FCbDVCQj6Nrct2UXCYgJoLwPhUJhLZMq,"¥180,000",1,和紙、箔,2024,,200×400mm,なし,,なし,,240060013,登録済,登録済,登録済,,
2024/11/25 16:20:04,三桝正典,光の音 g6,https://drive.google.com/open?id=1GAAGjgjn3OUaP5r-BoiOcRBRvc2zwY7-,"¥60,000",1,和紙、箔,2024,,225×160mm,なし,,なし,,240060014,登録済,登録済,登録済,,
2024/11/25 16:20:04,三桝正典,白カラス k4,https://drive.google.com/open?id=1v_bcFFcxccv6wh8TnXpa1pqtyUWaVuYJ,"¥70,000",1,和紙、箔,2024,,255×180mm,なし,,なし,,240060015,登録済,登録済,登録済,,
2024/11/25 16:20:04,三桝正典,白カラス k3,https://drive.google.com/open?id=1sccTOgg-GL_8Zi90g7KvC_diXzGbY5wP,"¥100,000",1,和紙、箔,2024,,255×360mm,なし,,なし,,240060016,登録済,登録済,登録済,,
2024/11/25 16:20:04,三桝正典,紅葉,https://drive.google.com/open?id=1OdANV-TbEaeuWAdM0_l4RW25btro6MLT,"¥260,000",1,和紙、箔,2024,,455×455mm,なし,,なし,,240060017,登録済,登録済,登録済,,
2024/11/25 16:20:04,三桝正典,波,https://drive.google.com/open?id=1cAvvS27FRDfRcCqo1CVBEQr04kMHUWdL,"¥260,000",1,和紙、箔,2024,,455×455mm,なし,,なし,,240060018,登録済,登録済,登録済,,
2024/11/25 16:20:04,三桝正典,川,https://drive.google.com/open?id=1tRNEIyUFUmdVOujG9CKgdLjqTBS9DiDe,"¥260,000",1,和紙、箔,2024,,455×455mm,なし,,なし,,240060019,登録済,登録済,登録済,,
2024/11/25 16:20:04,三桝正典,ことのは,https://drive.google.com/open?id=12hHK5r5l-l-XfWb6CAQ0DOxCE06yKWGd,"¥900,000",1,和紙、箔,2020,,2515×1070mm,なし,,なし,,240060020,登録済,登録済,登録済,,
2024/11/26 16:20:04,加藤陽雨,Miller,https://drive.google.com/open?id=1ID98gcEwyYK_6-xciY3KVaD8qSeC-epp,"¥90,000",1,岩絵具、水干絵具、アクリル絵具,2022,,F50号/1167×910cm,なし,,なし,,240100004,登録済,登録済,作家記入待ち,,
2024/11/26 16:20:04,加藤陽雨,命,https://drive.google.com/open?id=1diDyeRL5WvlIbxqnkRZBbS-EmFY9ih0h,"¥30,000",1,ペン,2021,,364×258mm,なし,,なし,,240100005,登録済,登録済,登録済,,
2024/11/26 16:56:13,ヤマモトマサル,NOMATTER×UK「老人とバーフォードの羊」,https://drive.google.com/open?id=1QssfLiFpYCuOfkLtHmgE0KgfqIYFPXWQ,"¥120,000",1/1,ハーネミューレファインアート紙、顔料インク（耐光性・耐オゾン性）,2013年,あり,縦270mm　横340mm,あり,縦347×横423×奥行20mm,なし,※これは売約済み扱いです。個人収蔵作品です。,240040011,未登録,登録済,登録済,,
2024/11/26 16:58:28,ヤマモトマサル,NOMATTER×UK「REPETITION」,https://drive.google.com/open?id=1-eiLtDAG2RfA7OHpEPRikdRbd08E69q6,"¥120,000",1/1,ハーネミューレファインアート紙、顔料インク（耐光性・耐オゾン性）,2013年,あり,縦270mm　横340mm,あり,縦347×横423×奥行20mm,なし,,240040012,登録済,登録済,登録済,,
2024/11/28 8:04:51,宮本拓也,一輪の花⑬,https://drive.google.com/open?id=1zUDEl05LrMUjxZF5bJsKpksg981auch4,"¥11,000",1/1,アクリル絵具、キャンバス,2023,あり,F0/180x140mm,なし,,なし,,240020042,完売,完売,登録済,,
2024/11/30 13:25:20,三坂日奈子,white dogⅣ,https://drive.google.com/open?id=1AlgdL6WhMNJGvf5eWOFXxgUG5PNVZO18,"¥33,000",1/1,キャンバス、油彩,2023,あり,273×220×20mm,なし,,なし,撮影不要、5階アトリエにて展示します,240090005,完売,完売,登録済,,
2024/11/30 13:47:25,三坂日奈子,nukegara,https://drive.google.com/open?id=1pWCt0lr9pRnVQfb2XX86uA-Fm27Z2fHJ,"¥55,000",1/1,キャンバス、油彩,2024,あり,318×410×20mm,なし,,なし,写真撮影不要、5階アトリエで展示します,240090006,登録済,登録済,登録済,,
2024/12/05 14:09:08,宮本拓也,盆栽,https://drive.google.com/open?id=1YlFNfrikDiTi9LI3Kzh99AwK5KqgeOCT,"¥66,000",1/1,アクリル絵具、キャンバス,2024,あり, F6/410ｘ318mm,なし,,なし,,240020043,完売,完売,登録済,,
2024/12/07 18:15:51,三坂日奈子,flower01,https://drive.google.com/open?id=1m29nb55CS9Pz9J-vl6ec32X1m1u4LsGo,"¥55,000",1/1,キャンバス、油彩,2024,あり,318×410×20mm,なし,,なし,アトリエに展示予定です,240090007,登録済,登録済,登録済,,
2024/12/17 18:36:55,浅野堅一,FACE 2025 MIMASU,https://drive.google.com/open?id=1eEc6CdTnLSu79XOI3ut9OSIufRAmuHeU,"¥88,000",1/5,漆喰フィルム　ピグメントプリント,2024,あり,400×500,あり,400×500×30,なし,※20250514本人希望によりタイトル変更,240070002,登録済,登録済,作家記入待ち,,
2024/12/24 15:31:53,大沼寛明,●デンデンくん,https://drive.google.com/open?id=1TaG8o6M_lbw_qTjYB7wUJ0vGpOkeIDIp,"¥44,000",1/1,油絵具、キャンバス,2018,あり,H500 x W400 x D18mm,なし,,なし,"2025/10/27 U5に伴う売価変更：88,000⇒44,000",240110001,完売,売止,作家記入待ち,,
2024/12/26 14:44:48,宮本拓也,個性と才能,https://drive.google.com/open?id=1p5euCw9q5wwJ_LKXQmzK3CXZqaB8n9uu,"¥88,000",1/1,アクリル絵具　キャンバス,2024,あり,F8/455✖︎380,なし,,なし,,240020044,登録済,登録済,登録済,,
2024/12/26 14:47:06,宮本拓也,個性と才能,https://drive.google.com/open?id=12mmq8-_oTrlDNP2GjJ_N_t_d0dYY4S2u,"¥88,000",1/1,アクリル絵具　キャンバス,2024,あり,F8/455✖︎380,なし,,なし,,240020045,登録済,登録済,登録済,,
2024/12/26 14:48:56,宮本拓也,個性と才能,https://drive.google.com/open?id=1XJBZEJ4qsT0FUPgenpP4F3kGWeebittE,"¥88,000",1/1,アクリル絵具　キャンバス,2024,あり,F8/455✖︎380,なし,,なし,,240020046,登録済,登録済,登録済,,
2024/12/26 14:50:50,宮本拓也,個性と才能,https://drive.google.com/open?id=1pjhXe0GOrVjL4s-htn4dQx_DFpy0Ob1k,"¥110,000",1/1,アクリル絵具　キャンバス,2024,あり,F10/530✖︎455,なし,,なし,,240020047,登録済,登録済,登録済,,
2024/12/26 14:52:28,宮本拓也,個性と才能,https://drive.google.com/open?id=1RZD1wl7HM5Fkf0oY3ZOXs9SarIxrkjRS,"¥110,000",1/1,アクリル絵具　キャンバス,2024,あり,F10/530✖︎455,なし,,なし,,240020048,登録済,登録済,登録済,,
2024/12/26 14:54:15,宮本拓也,個性と才能,https://drive.google.com/open?id=1P6rN77-pi2nl9fcKZbsS-JnHkm966AAm,"¥110,000",1/1,アクリル絵具　キャンバス,2024,あり,F10/530✖︎455,なし,,なし,,240020049,登録済,登録済,登録済,,
2024/12/26 14:55:56,宮本拓也,個性と才能,https://drive.google.com/open?id=1eGAvRxQl7SKlxuc_eWJwyUNj7EC7ezNF,"¥88,000",1/1,アクリル絵具　キャンバス,2024,あり,WF4/666✖︎242,なし,,なし,,240020050,登録済,登録済,登録済,,
2024/12/26 14:57:35,宮本拓也,個性と才能,https://drive.google.com/open?id=1uZ3dH8FBhFFx-RdDy53ZJ2WaEIUEDdjE,"¥88,000",1/1,アクリル絵具　キャンバス,2024,あり,WF4/666✖︎242,なし,,なし,,240020051,完売,完売,登録済,,
2024/12/26 14:59:09,宮本拓也,個性と才能,https://drive.google.com/open?id=1C839z_2EC_pKtCRZ01L4tNDASZwOoYLj,"¥88,000",1/1,アクリル絵具　キャンバス,2024,あり,WF4/666✖︎242,なし,,なし,,240020052,登録済,登録済,登録済,,
2025/01/05 16:42:16,成田凪子,●私の朝,https://drive.google.com/open?id=1YieGZPETIqsNwhGhIKr4Bswsgim5X1Kp,"¥5,500",1/1,クレヨン、アルコールマーカー、キャンバス,2024,なし,H100×Ｗ100×D150mm,なし,,なし,"2025/10/27 U5に伴う売価変更：35,000⇒5,500",240130001,登録済,売止,作家記入待ち,,
2025/01/07 20:37:58,やまさきえりな,無題のうーれい1,https://drive.google.com/open?id=1G7zHUdQL4wAr5KPkd5mfYS4FxgG8-oP1,"¥66,000",1/1,粘土、キャンバス、アクリル絵の具、ニス、樹脂,2024年,なし,H275×W220×D72,なし,,なし,,240120001,登録済,登録済,作家記入待ち,,
2025/01/08 15:28:48,大沼寛明,ピクセルクラウドくん,https://drive.google.com/open?id=1aiWis7y5wDa2n7ZiyqUkGG94KXnHhotQ,"¥65,000",1/1,アクリル絵具、キャンバス,2024,あり,H500 x W600 x D20mm,なし,,なし,"2025/10/27 売価変更：130,000⇒65,000",240110002,登録済,登録済,作家記入待ち,,
2025/01/08 15:32:21,大沼寛明,ゴリラトナカイアヒルタコ魚,https://drive.google.com/open?id=12L9pne5vagBgd1y-ELGIZwkd351Qyez3,"¥200,000",1/1,アクリル絵具、キャンバス,2024,あり,H1000 x W800 x D25mm,なし,,なし,"2025/10/27 売価変更：400,000⇒200,000",240110003,登録済,登録済,作家記入待ち,,
2025/01/08 15:35:42,大沼寛明,青いたぬきの丘の上で,https://drive.google.com/open?id=15XT8Rb8yQcBm2xhlJ-tho0FeOTK0owxq,"¥100,000",1/1,油絵具、アクリル絵具、色鉛筆、キャンバス,2024,あり,H725 x W500 x D24mm,なし,,なし,"2025/10/27 売価変更：200,000⇒100,000",240110004,登録済,登録済,作家記入待ち,,
2025/01/08 15:41:06,大沼寛明,キリンうさぎのロケットランチャー,https://drive.google.com/open?id=1s2YhVNEgqHeO0i67yPrdlzSaFKgNAJFW,"¥200,000",1/1,油絵具、アクリル絵具、キャンバス,2024,あり,H1000 x W720 x D25mm,なし,,なし,"2025/10/27 売価変更：400,000⇒200,000",240110005,登録済,登録済,作家記入待ち,,
2025/01/08 15:43:48,大沼寛明,タコゾウ骨バード,https://drive.google.com/open?id=1DGF8L681R0UzjWbMMY52-u_JcOt7qFG_,"¥100,000",1/1,アクリル絵具、キャンバス,2024,あり,H730 x W605 x D25mm,なし,,なし,"2025/10/27 売価変更：200,000⇒100,000",240110006,登録済,登録済,作家記入待ち,,
2025/01/08 15:55:29,大沼寛明,ゾウうさぎ骨ダンス,https://drive.google.com/open?id=1FPk6msRNS-8MLbuj1zrAt6mM8ox0ETGy,"¥100,000",1/1,アクリル絵具、キャンバス,2024,あり,H730 x W605 x D25mm,なし,,なし,"2025/10/27 売価変更：200,000⇒100,000",240110007,登録済,登録済,作家記入待ち,,
2025/01/09 11:11:32,宮本拓也,一輪の花⑤,https://drive.google.com/open?id=1R14xnnThvXOPD8b3VawTk3Ikaq0u5gPL,"¥11,000",1/1,アクリル絵具　キャンバス,2023,あり,F0/180✖︎140,なし,,なし,,240020053,完売,完売,登録済,,
2025/01/11 15:09:02,宮本拓也,一輪の花⑥,https://drive.google.com/open?id=1LKCv52HFHAZlIMvZyCblyEPznm53YL1g,"¥11,000",1/1,アクリル絵具　キャンバス,2023,あり,F0/180✖︎140,なし,,なし,,240020054,完売,完売,登録済,,
2025/01/16 19:16:38,宮本拓也,蛇,https://drive.google.com/open?id=19NIan45l8njXHrkf0o4xa5qLd3nBl8Qy,"¥132,000",1/1,アクリル絵具　キャンバス,2024,あり,F12/606✖︎500,なし,,なし,,240020055,完売,完売,登録済,,
2025/01/17 11:16:46,荒木則行,嵐去る海原で,https://drive.google.com/open?id=1XwrRi3OIl0FMAYGDvzewShqjj4htac9B,"¥90,000",1/1,特殊インクジェット軸装プリント,2020年,なし,H650 x W600x D30ｍm,あり,H650xW600xD30ｍm,なし,インクジェット布プリントを特殊な軸装に仕上げました。現在ではほぼ再現不可能な作品です。,240080003,登録済,登録済,登録済,,
2025/01/17 11:20:57,荒木則行,雪積もる森の湖畔で,https://drive.google.com/open?id=1xtb_sfjVjM8tVfzsOaDEqx--gwYTW7he,"¥90,000",1/1,特殊インクジェット布プリント,2020,なし,H700xW580xD30ｍm,あり,H700xW580xD30ｍm,なし,特殊なインクジェット布プリントを軸装にしました。現在は再現不可能な技術です。,240080004,登録済,登録済,登録済,,
2025/01/17 16:12:16,宮本拓也,一輪の花⑬,https://drive.google.com/open?id=1A8EpDgfBVdRA1B63hVkvkgdeu4xdK1wa,"¥11,000",1/1,アクリル絵具　キャンバス,2023,あり,F0/18✖︎14,なし,,なし,,240020056,完売,完売,登録済,,
2025/01/17 17:41:45,宮本拓也,盆栽,https://drive.google.com/open?id=1fzNJiN7vxUAoCGS9MVugh75ubyYPj0zi,"¥110,000",1/1,アクリル絵具　キャンバス,2024,あり,F10/530✖︎450,なし,,なし,,240020057,完売,完売,登録済,,
2025/01/18 11:32:48,加藤陽雨,心のトモシビ,https://drive.google.com/open?id=15vlZbd2QDbMAaa9f7Ndl39cz5wQkRWCy,"¥30,000",1/1,キャンバス、アクリル絵具、ペン、ポスカ,2024,あり,546×220mm,なし,,なし,,240100006,完売,完売,登録済,,
2025/01/26 11:28:00,宮本拓也,優しさ/素直さ/心(しん)を曲げない強さ/温もり/ 真摯に受け止める器/の花(男),https://drive.google.com/open?id=1boPoiGTpPlMXY924cgGVym_GG-ctscSP,"¥11,000",1/1,アクリル絵具　キャンバス,2024,あり,F0/180✖︎140,なし,,なし,,240020058,完売,売止,,,
2025/01/26 12:58:22,宮本拓也,一輪の花③,https://drive.google.com/open?id=1Rq3Z0GtfVHifHyuiYtDoA1710EO_9jC5,"¥11,000",1/1,アクリル絵具、キャンバス,2023,あり,F0/180ｘ140,なし,,なし,,240020059,完売,完売,登録済,,
2025/01/26 18:23:02,宮本拓也,一輪の花⑭,https://drive.google.com/open?id=17jH2y92RDkV1NT11NpUHlVwTrcuRBfJz,"¥11,000",1/1,アクリル絵具、キャンバス,2023,あり,F0/180ｘ140,なし,,なし,,240020060,完売,完売,,,
2025/01/26 18:24:59,宮本拓也,一輪の花⑮,https://drive.google.com/open?id=1-vdz4KPFdZYC1GetOtC2ztYeCMsj49fK,"¥11,000",1/1,アクリル絵具、キャンバス,2023,あり,F0/180ｘ140,なし,,なし,,240020061,完売,完売,,,
2025/01/26 18:26:41,宮本拓也,一輪の花⑯,https://drive.google.com/open?id=1LHl7LjXTWzopBBEP_vLTBY5sEpPPSS-H,"¥11,000",1/1,アクリル絵具、キャンバス,2023,あり,F0/180ｘ140,なし,,なし,,240020062,登録済,登録済,,,
2025/01/26 18:28:26,宮本拓也,一輪の花⑰,https://drive.google.com/open?id=1LYalrM5Ic76TxZA8ceCFFQMW6QCdQfCj,"¥11,000",1/1,アクリル絵具、キャンバス,2023,あり,F0/180ｘ140,なし,,なし,,240020063,完売,完売,,,
2025/01/26 18:30:03,宮本拓也,一輪の花⑱,https://drive.google.com/open?id=1eBeNp4eOtVEkdWlOkoKY-S21nOwuLhAV,"¥11,000",1/1,アクリル絵具、キャンバス,2023,あり,F0/180ｘ140,なし,,あり,,240020064,完売,完売,,,
2025/01/26 18:31:43,宮本拓也,一輪の花⑲,https://drive.google.com/open?id=12RlIg9ogzvu3Ajxq_os6n4IzL9bDxQ7v,"¥11,000",1/1,アクリル絵具、キャンバス,2023,あり,F0/180ｘ140,なし,,なし,,240020065,完売,完売,,,
2025/01/26 18:33:14,宮本拓也,一輪の花⑳,https://drive.google.com/open?id=11P6ED029g70R2dUPKdEoBD_580M1wx7p,"¥11,000",1/1,アクリル絵具、キャンバス,2023,あり,F0/180ｘ140,なし,,なし,,240020066,登録済,登録済,,,
2025/01/26 18:34:40,宮本拓也,一輪の花㉑,https://drive.google.com/open?id=18ed1NZdb2MbReXqdNpz1fLsAvXC7jv3f,"¥11,000",1/1,アクリル絵具、キャンバス,2023,あり,F0/180ｘ140,なし,,なし,,240020067,登録済,登録済,,,
2025/01/26 18:36:31,宮本拓也,一輪の花㉒,https://drive.google.com/open?id=1Njxi6B4ZDX0v2mTFqS_gu5uXi5LzrWD7,"¥11,000",1/1,アクリル絵具、キャンバス,2023,あり,F0/180ｘ140,なし,,なし,,240020068,完売,完売,,,
2025/01/26 18:38:02,宮本拓也,一輪の花㉓,https://drive.google.com/open?id=1FgjU6QEw4OCfop-E88QiLhIHjOiI3ykV,"¥11,000",1/1,アクリル絵具、キャンバス,2023,あり,F0/180ｘ140,なし,,なし,,240020069,完売,完売,,,
2025/01/26 18:39:35,宮本拓也,一輪の花㉔,https://drive.google.com/open?id=1XQg_B1hce21E3t2VBarwOCIB1WAURkgI,"¥11,000",1/1,アクリル絵具、キャンバス,2023,あり,F0/180ｘ140,なし,,なし,,240020070,登録済,登録済,,,
2025/01/26 18:41:16,宮本拓也,一輪の花㉕,https://drive.google.com/open?id=1A5Lk8S2MFGD2y1dk4ofkcZtwcjFCK92R,"¥11,000",1/1,アクリル絵具、キャンバス,2023,あり,F0/180ｘ140,なし,,なし,,240020071,完売,完売,,,
2025/01/26 18:43:54,宮本拓也,一輪の花㉖,https://drive.google.com/open?id=1TuZBSIGrF4AMKJOBN8ClJ3c21AVeHzMz,"¥11,000",1/1,アクリル絵具、キャンバス,2023,あり,F0/180ｘ140,なし,,なし,,240020072,登録済,登録済,,,
2025/01/26 18:45:27,宮本拓也,一輪の花㉗,https://drive.google.com/open?id=16Ji3twuW5t8VzyPQMDSs7XT-25OJqY5Z,"¥11,000",1/1,アクリル絵具、キャンバス,2023,あり,F0/180ｘ140,なし,,なし,,240020073,完売,完売,,,
2025/01/26 18:47:12,宮本拓也,一輪の花㉘.,https://drive.google.com/open?id=1Npabah9R-vzDUPfiKFSEee7mxShclpFO,"¥11,000",1/1,アクリル絵具、キャンバス,2023,あり,F0/180ｘ140,なし,,なし,,240020074,登録済,登録済,,,
2025/01/26 18:48:58,宮本拓也,一輪の花㉙,https://drive.google.com/open?id=10NPndz8A6lSwDOtQLSmSVKCjD37VEhIm,"¥11,000",1/1,アクリル絵具、キャンバス,2023,あり,F0/180ｘ140,なし,,なし,,240020075,完売,完売,,,
2025/01/26 18:50:40,宮本拓也,一輪の花㉚,https://drive.google.com/open?id=1OJU1hL-esajJL-aey9ueY8ZoZiCvUx76,"¥11,000",1/1,アクリル絵具、キャンバス,2023,あり,F0/180ｘ140,なし,,なし,,240020076,完売,完売,,,
2025/01/26 18:51:54,宮本拓也,一輪の花㉛,https://drive.google.com/open?id=13plQ_IROo3S2f6-jKKyplBjWYPJaFHVn,"¥11,000",1/1,アクリル絵具、キャンバス,2023,あり,F0/180ｘ140,なし,,なし,,240020077,登録済,登録済,,,
2025/01/27 16:29:59,成田凪子,焦らし,https://drive.google.com/open?id=100mj_YcHloLTpkEb-Ff90wUebuH7CvlA,"¥9,000",1/1,ボールペン、上質紙,2025,なし,H67×W90×D0.08mm,あり,H130×W170×D90mm,なし,,240130002,登録済,登録済,,,
2025/01/31 14:31:43,やまさきえりな,無題のうーれい2,https://drive.google.com/open?id=1yUFwe9pILzMfOV0FbGO4ss7EFUG_sQvG,"¥33,000",1/1,キャンバス、石粉粘土、アクリル絵具、樹脂,2025年,なし,H70 x W70 x D45ｍm,なし,,なし,,240120002,登録済,登録済,,,
2025/01/31 14:34:27,やまさきえりな,無題のうーれい3,https://drive.google.com/open?id=11Adg64-EmZiiDhRuN8bkhPzJy1FNM_M-,"¥33,000",1/1,キャンバス、石粉粘土、アクリル絵具、樹脂,2025,なし,H70 x W70 x D50ｍm,なし,,なし,,240120003,登録済,登録済,,,
2025/01/31 15:35:23,大沼寛明,●ぼくときみIII ,https://drive.google.com/open?id=1NtKRSh7UTEdcu-YcXvxY8emAIr8RDIdd,"¥7,500",1/1,油絵具、アクリル絵具、リネンキャンバス,2024,あり,H150 x W150 x D20mm,なし,,なし,"2025/10/27 U5に伴う売価変更：15,000⇒7,500",240110008,登録済,売止,登録済,,
2025/01/31 15:36:55,大沼寛明,●ぼくときみII,https://drive.google.com/open?id=1yh1QE3LoW7haNu0uwanRaedrsAqlPt1M,"¥7,500",1/1,油絵具、アクリル絵具、リネンキャンバス,2024,あり,H150 x W150 x D20mm,なし,,なし,"2025/10/27 U5に伴う売価変更：15,000⇒7,500",240110009,登録済,売止,登録済,,
2025/01/31 15:38:27,大沼寛明,●ぼくときみI,https://drive.google.com/open?id=15BasPNwavv6vxnw99iKb3VwHMTcFNMHf,"¥7,500",1/1,油絵具、アクリル絵具、リネンキャンバス,2024,あり,H150 x W150 x D20mm,なし,,なし,"2025/10/27 U5に伴う売価変更：15,000⇒7,500",240110010,登録済,売止,登録済,,
2025/01/31 15:39:50,大沼寛明,●２つのハクリュウ,https://drive.google.com/open?id=1zHImo9Qu0SWON4NNddEhV0X4kTb8LZQ_,"¥7,500",1/1,油絵具、アクリル絵具、リネンキャンバス,2024,あり,H150 x W150 x D20mm,なし,,なし,"2025/10/27 U5に伴う売価変更：15,000⇒7,500",240110011,登録済,売止,登録済,,
2025/01/31 15:44:36,大沼寛明,●かお,https://drive.google.com/open?id=1QRHaOgdWwPN3atmVq4UzDJCBq17qUCno,"¥7,500",1/1,油絵具、アクリル絵具、リネンキャンバス,2024,あり,H150 x W150 x D20mm,なし,,なし,"2025/10/27 U5に伴う売価変更：15,000⇒7,500",240110012,登録済,売止,登録済,,
2025/01/31 15:47:09,大沼寛明,●アッカンベーのべろりんちょ,https://drive.google.com/open?id=1PJoKfoKvt61kb_Ww3u_V636Uh3_vXrhc,"¥12,500",1/1,油絵具、アクリル絵具、キャンバス,2024,あり,H200 x W200 x D20mm,なし,,なし,"2025/10/27 U5に伴う売価変更：25,000⇒12,500",240110013,登録済,売止,登録済,,
2025/01/31 15:49:51,大沼寛明,●よぞらをこえて,https://drive.google.com/open?id=1f6fvKqIMdBE8mxDKmAP5jVgk9i6CBAqC,"¥12,500",1/1,油絵具、アクリル絵具、リネンキャンバス,2024,あり,H240 x W180 x D20mm,なし,,なし,"2025/10/27 U5に伴う売価変更：25,000⇒12,500",240110014,登録済,売止,登録済,,
2025/01/31 15:51:39,大沼寛明,●ぼくときみと,https://drive.google.com/open?id=1-b66-zxP5Vck4vcFZIIW4tcD4-4wgxOK,"¥12,500",1/1,油絵具、アクリル絵具、キャンバス,2025,あり,H240 x W180 x D20mm,なし,,なし,"2025/10/27 U5に伴う売価変更：25,000⇒12,500",240110015,登録済,売止,登録済,,
2025/01/31 15:53:26,大沼寛明,●おうごんじだい,https://drive.google.com/open?id=1kNml0p7LFXjczZn-FtFtuzVKeRQHSk0G,"¥12,500",1/1,油絵具、アクリル絵具、キャンバス,2024,あり,H240 x W180 x D20mm,なし,,なし,"2025/10/27 U5に伴う売価変更：25,000⇒12,500",240110016,登録済,売止,登録済,,
2025/01/31 15:55:22,大沼寛明,●ダイブ,https://drive.google.com/open?id=1rOOl0cJ1xSZI8oyFLhvVmVzv4hBK6iFl,"¥12,500",1/1,油絵具、アクリル絵具、リネンキャンバス,2024,あり,H240 x W180 x D20mm,なし,,なし,"2025/10/27 U5に伴う売価変更：25,000⇒12,500",240110017,登録済,売止,登録済,,
2025/01/31 15:57:32,大沼寛明,●パラレルワールド,https://drive.google.com/open?id=1jz0VhM3SCPtAO1BSaeiP1tlXpJ01wTHz,"¥12,500",1/1,油絵具、アクリル絵具、リネンキャンバス,2024,あり,H180x W240 x D20mm,なし,,なし,"2025/10/27 U5に伴う売価変更：25,000⇒12,500",240110018,登録済,売止,登録済,,
2025/01/31 15:59:21,大沼寛明,●ぼくとあいつ,https://drive.google.com/open?id=1Qd8gnhhcrpnlwmYl0NgYYDaTTKj2Tvpp,"¥12,500",1/1,油絵具、アクリル絵具、キャンバス,2024,あり,H180x W240 x D20mm,なし,,なし,"2025/10/27 U5に伴う売価変更：25,000⇒12,500",240110019,登録済,売止,登録済,,
2025/01/31 16:01:06,大沼寛明,●トリおどり,https://drive.google.com/open?id=1UUf3s1MtzHwLQgKZKNUaYzAh8pD5WFGr,"¥12,500",1/1,油絵具、アクリル絵具、リネンキャンバス,2025,あり,H180x W240 x D20mm,なし,,なし,"2025/10/27 U5に伴う売価変更：25,000⇒12,500",240110020,登録済,売止,登録済,,
2025/01/31 16:02:36,大沼寛明,●アッカンベー,https://drive.google.com/open?id=1aFmgYXB_yT1N_upwOVdMs68L4yP58yk3,"¥12,500",1/1,油絵具、アクリル絵具、リネンキャンバス,2025,あり,H180x W240 x D20mm,なし,,なし,"2025/10/27 U5に伴う売価変更：25,000⇒12,500",240110021,登録済,売止,登録済,,
2025/01/31 16:04:10,大沼寛明,●スマイル,https://drive.google.com/open?id=1nqcm6Wkv3O6ilGmdKlckGZ4wv6gvehqE,"¥12,500",1/1,油絵具、アクリル絵具、リネンキャンバス,2024,あり,H180x W240 x D20mm,なし,,なし,"2025/10/27 U5に伴う売価変更：25,000⇒12,500",240110022,登録済,売止,登録済,,
2025/01/31 16:06:14,大沼寛明,●きみといっしょにI,https://drive.google.com/open?id=1jCN-Wd5ge_x4HzBAwnHmtV1zeMr7Lwu0,"¥12,500",1/1,油絵具、アクリル絵具、キャンバス,2025,あり,H180x W240 x D20mm,なし,,なし,"2025/10/27 U5に伴う売価変更：25,000⇒12,500",240110023,登録済,売止,登録済,,
2025/01/31 16:07:55,大沼寛明,●きみといっしょにII,https://drive.google.com/open?id=1GBK1g8M7MWFjnxofTjgZvNWSgZ3vuT6l,"¥12,500",1/1,油絵具、アクリル絵具、キャンバス,2025,あり,H180x W240 x D20mm,なし,,なし,"2025/10/27 U5に伴う売価変更：25,000⇒12,500",240110024,登録済,売止,登録済,,
2025/01/31 16:10:29,大沼寛明,青のクラウドくんファミリー,https://drive.google.com/open?id=1ri5EOsMWrZkTjS1pcZkpBkBvw4zkLAhV,"¥88,000",1/1,アクリル絵具、キャンバス,2025,あり,H455 x W380 x D18mm,なし,,なし,,240110025,完売,完売,登録済,,
2025/01/31 16:22:58,大沼寛明,●むらさきスター(ヘッダーと袋付),https://drive.google.com/open?id=1g_b0VSdtCDduR1jGfjqgp3oD_EC-ycoV,"¥12,750",1/1,油絵具、アクリル絵具、キャンバス、ビニール袋、紙,2024,あり,H200 x W200 x D20mm (キャンバスのサイズ),なし,,なし,"2025/10/27 U5に伴う売価変更：25,500⇒12,750",240110026,登録済,売止,登録済,,
2025/01/31 16:25:15,大沼寛明,●あっかんべー(ヘッダーと袋付),https://drive.google.com/open?id=13ZX5fQ2cwTED7uEmZAJ0fwqTuwyfeA_t,"¥12,750",1/1,油絵具、アクリル絵具、キャンバス、ビニール袋、紙,2024,あり,H200 x W200 x D20mm (キャンバスのサイズ),なし,,なし,"2025/10/27 U5に伴う売価変更：25,500⇒12,750",240110027,登録済,売止,登録済,,
2025/01/31 16:27:09,大沼寛明,●風の時代(ヘッダーと袋付),https://drive.google.com/open?id=1GI_30VtV4s5KtnXHNMoCwe3Moc1OWE6N,"¥12,750",1/1,油絵具、アクリル絵具、キャンバス、ビニール袋、紙,2024,あり,H240 x W180 x D20mm (キャンバスのサイズ),なし,,なし,"2025/10/27 U5に伴う売価変更：25,500⇒12,750",240110028,登録済,売止,登録済,,
2025/01/31 16:39:35,大沼寛明,●メモリー(手書きヘッダーと袋付),https://drive.google.com/open?id=1tQiJUaaJTBKURNWWc3QZgdoAhrpU5RIs,"¥17,500",1/1,油絵具、アクリル絵具、キャンバス、ビニール袋、紙,2024,あり,H200 x D200 x D20mm (キャンバスのサイズ),なし,,なし,"2025/10/27 U5に伴う売価変更：35,000⇒17,500",240110029,登録済,売止,登録済,,
2025/02/02 23:15:02,楽鬼,宝珠なる獅子,https://drive.google.com/open?id=1V6kB69Psvo2kn__p6vuRc4DYYLFKy-Zp,"¥50,000",1/1,墨　画用紙　,2024,あり,H297 x W210 x D1,あり,H330 x W240 x D15,なし,,250040001,登録済,登録済,,,
2025/02/02 23:16:44,楽鬼,自由に飛ぶ鳥,https://drive.google.com/open?id=1UQ08U1DlUf4ODuObkzcz4oKOKjJ4oQBt,"¥50,000",1/1,画用紙　墨,2024,あり,H297 x W210 x D1,あり,H330 x W240 x D15,なし,,250040002,登録済,登録済,,,
2025/02/02 23:18:55,楽鬼,どこを見るか,https://drive.google.com/open?id=17dii5rq1gSJEFyleL7FMQY7XAE0arv8O,"¥50,000",1/1,画用紙　墨,2024,あり,H297 x W210 x D1,あり,H330 x W240 x D15,なし,,250040003,登録済,登録済,,,
2025/02/02 23:21:19,楽鬼,静けさのある夕方,https://drive.google.com/open?id=1asHuk43iAF3V0FpLoKjm13fbN1YCeSqm,"¥50,000",1/1,画用紙　墨,2024,あり,H297 x W210 x D1,あり,H330 x W240 x D15,なし,,250040004,登録済,登録済,,,
2025/02/05 13:56:41,海島亜美,束縛,https://drive.google.com/open?id=15Od9oCAyl4UeqE82D4xydn9-8oBcndQD,"¥65,000",1/1,パネル パステル,2024,あり,F10号 455㎜ × 530㎜,なし,,なし,この自画像は、私が「いろ・パステル展」という展示のために描いたものである。 しかし、私はアクリルやクレヨンが好きで、この展示も自分に合わないと感じていた。自分の本 当にやりたいことができない、そのもどかしさや、縛られている感覚をこの作品で表現している。 自画像そのものをテープで縛りつけることで、自分自身の葛藤と、「ここにいるべきではない」 という感覚を具現化した。この展示で感じた不自由さを作品として昇華している。,240030019,登録済,登録済,,,
2025/02/05 14:15:00,海島亜美,思考迷路,https://drive.google.com/open?id=1M49ZOyVF-9npbItnCoQumNXvLC04-mgV,"¥250,000",1/1,アクリル絵の具、キャンバス,2025,あり,30号 727 ㎜ × 910 ㎜,なし,,なし,私はいつも、終わりのない思考の旅を続けている。考えすぎるあまり、自分が何を望んでいた かを見失い、さらに、新しい悩みを見つけては、その迷路に深く入り込んでしまう。 この作品では重力に従い、垂れる絵の具の表現を通して、思考が絡まり合いながらも、抗えな い力に引き込まれていく様子を描き、悩みから抜け出したいと願いながらも、再び悩みこんでし まう、その繰り返しに抗えない人間の性を、この作品に込めている。,240030020,登録済,登録済,,,
2025/02/05 14:16:41,海島亜美,坩堝のその先,https://drive.google.com/open?id=1fbJ8HlG3jX3N4jMP3j_dggAY8lbUBoCk,"¥45,000",1/1,アクリル絵の具 キャンバス,2024,あり,M6号 410 ㎜ × 242 ㎜,なし,,なし,苦しいし、しんどい。 こういうものは原因を探るべき、というよりも、もっと頑張ってやるべきことをやって、 「自分がよくやった。」と思えないと進めない。このままでいると何をしても私は迷惑をかけて 生きていると思ってしまうし、小さなことで全てが嫌になって、ずっと涙が止まらない。 苦しい、苦しいしけどやるしかない。何にしてもやるしかない。 私は、悩んで、悩んで、苦しいときは苦しみを味わって、自分が何を考えているかを考えて、 何とかその気持ちを絵にした時、やっと自分を受け入れられて、昇華できる。 自分の絵は嫌いじゃないから。 私は少しでも進むために、私のために私の絵を描いている。,240030021,売止,,,,
2025/02/05 14:23:37,海島亜美,●解放,https://drive.google.com/open?id=1cyjVnwu4gJ6PHxlqJ9mN5fp3X_KGcdS2,"¥35,000",1/1,アクリル絵の具、キャンバス,2024,あり,F4号 242 ㎜ × 333 ㎜,なし,,なし,私は、自分で自身の自由を奪っている。「早く、この手で私を解き放ちたい」そう願いながら、 このキャンバスを真っ赤に染め、私自身を描いた。 絵を描いた後、キャンバスを切り裂き、切り込みに手を差し入れ、穴を広げていく。 その行為は、抑え込まれた心の中の「自由になりたい」という叫びを解き放つ儀式のようだった。 傷つきながらも、自分の内なる声に向き合い、私の中にある自由を解放する。,240030022,登録済,売止,,,
2025/02/05 14:25:03,海島亜美,●坩堝のその先,https://drive.google.com/open?id=176J57NXqo_fXjqpzVu66V9uffSszZlYd,"¥45,000",1/1,アクリル絵の具、キャンバス,2024,あり,M6号 410 ㎜ × 242 ㎜,なし,,なし,苦しいし、しんどい。 こういうものは原因を探るべき、というよりも、もっと頑張ってやるべきことをやって、 「自分がよくやった。」と思えないと進めない。このままでいると何をしても私は迷惑をかけて 生きていると思ってしまうし、小さなことで全てが嫌になって、ずっと涙が止まらない。 苦しい、苦しいしけどやるしかない。何にしてもやるしかない。 私は、悩んで、悩んで、苦しいときは苦しみを味わって、自分が何を考えているかを考えて、 何とかその気持ちを絵にした時、やっと自分を受け入れられて、昇華できる。 自分の絵は嫌いじゃないから。 私は少しでも進むために、私のために私の絵を描いている。,240030023,登録済,売止,,,
2025/02/05 14:34:13,海島亜美,地獄の沼,https://drive.google.com/open?id=1woLCQM_7bfAbGz_ShyAzq9JJm_FZiUDL,"¥70,000",1/1,アクリル絵の具、キャンバス,2024,あり,F10号 455㎜ × 530㎜,なし,,なし,私は最近、絵の具を垂らしながら自画像を描くことがある。それらはどれも、泥沼から這い上 がってきた自分を表現している。 今回の泥沼は、自己嫌悪を象徴している。自己嫌悪の沼にハマると、そこから抜け出すのは難 しく、何もできなくなり、行動することさえままならない。 この作品は、そんな泥沼の中で必死にもがき、泥だらけになりながらも、何とか這い上がろう とした私自身を描いたものである。辛くても、嫌でも、とにかくやるしかない。私が私を奮い立 たせ、どうにか人の形を保とうとする。,240030024,登録済,登録済,,,
2025/02/08 8:35:10,岡本祐季,舞火　Fire Trance,https://drive.google.com/open?id=1D9wLQK1gpwoo_QM44BRZJCCAXinvhvDt,"¥2,500,000",1/1,鉄（鋳物、鍛造両方）、ラッカー塗装,２０１７,なし,H1800×W650×D450mm 7kg,なし,,なし,"オマージュ　速水御舟 炎舞 ⁡ 業火に惹かれて焼かれてしまう蝶の姿を 儚さと危うさ そして 抗えない痺れるほどの誘惑 ⁡ ⁡ ⁡ 実は ⁡ 豪火に焼かれる 抗えない力に対する怒りと切なさをも秘めて ⁡ 制作していました。 ⁡ ⁡ ⁡ 数年前に8月6日に展示をしなければ 伝えることを一生しなかったと思います。 ⁡ ⁡ ⁡ 8月6日のために作った作品ではありませんが 広島で育ち、小学生の多感な子供の頃から大人になる直前まで平和と戦争を平和学習の一環として学び育った一人として 広島の今の平和を感じる一人として ⁡ 伝えたい気持ちがある。 ⁡ ⁡  Butterflies are drawn to the fire of karma, burning away transience and danger. It burns away transience and danger. And The irresistible numbing temptation  In fact  Burned by a mighty flame With anger and grief at the irresistible force.  And grief at the irresistible force.  If we had not had the exhibition on August 6 a few years ago I don't think I would have told you this story.  I did not create this work for August 6. As someone who grew up in Hiroshima and learned about peace and war as part of my peace studies from the impressionable years of elementary school until just before I became an adult As a person who feels the peace of Hiroshima today  I have a desire to convey this message.",250010001,登録済,登録済,,,
2025/02/08 8:39:59,岡本祐季,湖面（椅子）　Surface Chair,https://drive.google.com/open?id=1Fo7qHPR1MOTwzT6pwTKwPuCt8bGR5ZG_,"¥660,000",1/1,鉄　ラッカー塗装,2019年,なし,H920×W600×D550mm　12.4kg,なし,,なし,湖のほとりに１羽の鳥が足を休めに舞い降りた。 樹々が映り込んでいた湖面が揺らぐ。 そんな１枚の絵を感じられる椅子のオブジェ。  Swaying trees jostling side to side as they cast their reflection onto water with a bird fluttering down with large wings spread open touching down to the surface of the lakes edge expressing a memento of this reflected experience as a chair.,250010002,登録済,登録済,,,
2025/02/09 17:16:43,楽鬼,眼差し,https://drive.google.com/open?id=1XQ49z9vZ3RNCTPzua_bUPG9_EZzXmFet,"¥5,000",1/1,画用紙　マーカーペン,2024,なし,H175×W123×D1,あり,H230×W180×D60,なし,作品⇒グッズ(250040007G)に変更,250040005,売止,,,,
2025/02/09 17:23:03,楽鬼,脳天お香立て,https://drive.google.com/open?id=1zJtWTE6Ke28lNPGwcH757ghwFQkaZBjw,"¥4,000",1/1,石粉粘土　アクリル絵の具　ニス,2024,なし,H20×W35×D50,なし,,なし,作品⇒グッズ(250040008G)に変更,250040006,売止,,,,
2025/02/09 17:27:44,楽鬼,ブルお香立てドッグ,https://drive.google.com/open?id=1YgI70-Lcoh-H1ZuyzC905UC3PMYnKieL,"¥5,000",1/1,石粉粘土　アクリル絵の具　ニス,2024,なし,H80×W70×D70,なし,,なし,作品⇒グッズ(250040009G)に変更,250040007,売止,,,,
2025/02/09 17:39:07,楽鬼,炎,https://drive.google.com/open?id=1yXJ3Kjs3IaAIZzFzRN8Z-ICp156O-2EF,"¥5,000",1/1,石粉粘土　朱　墨　ニス,2024,あり,H100×W90×D10,なし,,なし,作品⇒グッズ(250040010G)に変更,250040008,売止,,,,
2025/02/09 17:41:16,楽鬼,龍のチラ見え,https://drive.google.com/open?id=1OzK8D0L-eiBKKG0WGoYz6I-QNBjXr-1K,"¥7,000",1/1,石粉粘土　アクリル絵具　ニス,2024,あり,H100×W90×D30,なし,,なし,,250040009,完売,完売,,,
2025/02/09 18:06:09,楽鬼,般若,https://drive.google.com/open?id=1QajRtjGcEY5ladFH2QUDA16CyRPV8y3O,"¥200,000",1/1,石粉粘土　アクリル絵具　銅墨汁,2024,あり,H400×W250×D220,なし,,あり,,250040010,登録済,登録済,,,
2025/02/16 12:58:28,加藤陽雨,夜が解け出した,https://drive.google.com/open?id=1nZrB-sSuTQhg95job3VyjdFDE-Ft-Jx2,"¥60,000",1/1,アクリル絵具、キャンバス、水性ペン,2025,あり,s6 41cm×41cm,なし,,あり,色の性質上陽の当たらないところで鑑賞をおすすめ,240100007,登録済,登録済,,,
2025/02/18 19:23:58,成田凪子,思慕,https://drive.google.com/open?id=10kei5d8Byes0cobbsjbGR3xzTjc_KMAz,"¥180,000",1/1,アクリルガッシュ、アルコールマーカー、キャンバス,2024,なし,280×220×18,なし,,なし,,240130003,登録済,登録済,,,
2025/02/21 19:29:24,岡本祐季,宿り木2025,https://drive.google.com/open?id=19A7ajfOMQQ-qJe7S8AHNtpU4xx-kNObf,"¥2,200,000",1/1,鉄、クリスタルガラス、ステンレス、配線、電球、ソケット、ラッカー塗装、プラスチック（配線止め）,2025年,なし,H500 × W1000 × D1000 ８kg,なし,,なし,「宿り木」と言う名のシャンデリア。     「クリスマスの日に 宿り木の下でキスをすると その恋人同士は幸せになる」 そんなロマンティックなヨーロッパの言い伝えからこのシャンデリアの名前を 「宿り木」にしたのです。      実際のヤドリギとは形は全く違うものですがこの下に照らされる誰かのための幸せな宿り木になりますように。,250010003,登録済,登録済,,,
2025/02/21 19:36:35,宮本拓也,心の中と七色の虹色,https://drive.google.com/open?id=1bMn3lqtVY0giVAMnC1PGbqAvz8TC_zTo,"¥550,000",1/1,アクリル絵具　キャンバス,2025,あり,F50/1167✖︎910,なし,,なし,,240020078,登録済,登録済,,,
2025/02/27 17:13:29,大沼寛明,ある日のクラウドくんと一緒に,https://drive.google.com/open?id=1n5pOaGY2TG7vEimsMP1_N189WbWbTXrJ,"¥10,000",1/1,アクリル絵具、木製パネル,2023,あり,H180 x W180 x D18mm,なし,,なし,,240110030,完売,完売,,,
2025/02/27 17:16:14,大沼寛明,●おさんぽ,https://drive.google.com/open?id=1szrugcOuNpj-K6Y0P2BpBj5HRHqVIpcD,"¥7,500",1/1,アクリル絵具、木製パネル,2023,あり,H140 x W180 x D18mm,なし,,なし,"2025/10/27 U5に伴う売価変更：10,000⇒7,500",240110031,登録済,売止,,,
2025/02/27 17:19:07,大沼寛明,●黄色い鳥,https://drive.google.com/open?id=1cmSM-neQkYvNp00scz6Rv10TcrwYV3hU,"¥12,500",1/1,油絵具、アクリル絵具、キャンバス,2025,あり,H180 x W240 x D20mm,なし,,なし,"2025/10/27 U5に伴う売価変更：25,000⇒12,500",240110032,登録済,売止,,,
2025/02/27 17:25:06,大沼寛明,クラウドヒーローシリーズ　クラウドくん,https://drive.google.com/open?id=1Kno6sV9JaBomDkV6eBIcYXFOdfCottYo,"¥25,000",1/1,アクリル絵具、キャンバス,2025,あり,H330 x W240 x D20,あり,,なし,,240110033,完売,完売,,,
2025/02/27 17:35:06,大沼寛明,●ヒッポくん,https://drive.google.com/open?id=1hwevyxK2utB0ZPXRe9SsyazymtcTQrzw,"¥20,000",1/1,油絵具、アクリル絵具、キャンバス,2025,あり,H300 x W240 x D40mm,なし,,なし,"2025/10/27 U5に伴う売価変更：40,000⇒20,000",240110034,登録済,売止,,,
2025/02/27 17:37:27,大沼寛明,●はじまりの予感,https://drive.google.com/open?id=1uEor1iA_v5CA_bT9t39yDpJl6SkUbhao,"¥44,000",1/1,油絵具、スプレーペイント、キャンバス,2018,あり,H550 x W400 x D20mm,あり,,なし,"2025/10/27 U5に伴う売価変更：88,000⇒44,000",240110035,登録済,売止,,,
2025/02/28 14:37:48,SASAKI Ayaka,秘色（ヒソク）,https://drive.google.com/open?id=1MLIhyTubqa5VuIw2oQd96kke8RNDsRAZ,"¥180,000",1/1,テクスチャーアート、アクリル絵具、キャンバス,2025年,なし,H650×W800×D20,なし,,あり,"2025/10/14 売価変更：240,000⇒180,000",250030001,登録済,登録済,,,
2025/02/28 14:45:45,SASAKI Ayaka,●石のアート,https://drive.google.com/open?id=1VuWs4GsrR5yDCzRf9MqqqaASl9W3mckx,"¥33,000",1/1,アクリル絵具、アクリルパネル,2024年,なし,H420×W297×D10,なし,,あり,"2025/10/27 U5に伴う売価変更：90,000⇒33,000",250030002,登録済,売止,,,
2025/03/24 3:36:19,加藤陽雨,「Reconstruction」,https://drive.google.com/open?id=16WT_OhfJzTXvo2R6TO7vsV_MfLA13dYp,"¥1,500,000",1/1,土佐麻紙　岩絵具　墨　ボールペン,2025,あり,2273mm × 1818mm ×50mm,あり,2320mm × 1868mm ×50mm ,あり,挫折から立ち直る過程を描いた絵です。時に大きな脅威に直面すると自身がちっぽけで弱い存在に感じることがあります。悲しむ気持ちも肯定しつつ、そこからできることを一つずつ積み重ねて行こうという想いを込めた絵です。,240100008,登録済,登録済,,,
2025/03/25 16:41:07,楽鬼,きのこ姫2,https://drive.google.com/open?id=11FBZSJa1vWrMX18JRdKO1XYHppVJt8M4,"¥30,000",1/1,アクリル絵具、キャンバス,2025,あり,H156 ×W230×D25,なし,,あり,,250040011,登録済,登録済,,,
2025/03/25 16:46:48,楽鬼,●虎と風,https://drive.google.com/open?id=1B0bJfrOH0hUCXX44BxFOZUaeCphMDnin,"¥50,000",1,襖、アクリル絵具、銅墨汁,2025,あり,H1790x W820x D20,なし,,あり,"2025/10/27 U5に伴う売価変更：150,000⇒50,000",250040012,登録済,売止,,,
2025/03/25 16:49:19,楽鬼,●龍と雨,https://drive.google.com/open?id=1rlGy6OGDPSaD4nXPVA17I9eqGglPrVi-,"¥50,000",1,襖、アクリル絵具、銀墨汁,2025,あり,H1790xW860x D28,なし,,あり,"2025/10/27 U5に伴う売価変更：150,000⇒50,000",250040013,登録済,売止,,,
2025/03/26 12:30:39,浅野堅一,FACE2025#1,https://drive.google.com/open?id=1IC49vh7byxLCtUGhS2Ob8gz43YdtMcO1,"¥44,000",1/5,アート紙,2025,あり,380×280,あり,500×400×30,なし,サイズ変更可能,240070003,登録済,登録済,,,
2025/03/26 12:35:43,浅野堅一,FACE2025#2,https://drive.google.com/open?id=1EXhkerW6bmHkUrXQEsmIzX8ECYB0EVQm,"¥44,000",1/5,アート紙,2025,あり,380×280,あり,500×400×30,なし,"サイズ変更可能 作品サイズ320×210 ¥11,000",240070004,登録済,登録済,,,
2025/03/26 12:37:36,浅野堅一,FACE2025#3,https://drive.google.com/open?id=1FNRbR1nKXByNMnZ2Kin2UXdmeMA0AxQi,"¥44,000",1/5,アート紙,2025,あり,380×280,あり,500×400×30,なし,"サイズ変更可能 作品サイズ320×210 ¥11,000",240070005,登録済,登録済,,,
2025/03/26 12:41:38,浅野堅一,FACE2025#4,https://drive.google.com/open?id=1sXy7hlm2JPHBvjmPj77sx1pSQCqAyt2s,"¥44,000",1/5,アート紙,2025,あり,380×280,あり,500×400×30,なし,"サイズ変更可能 作品サイズ300×210 ¥11,000",240070006,登録済,登録済,,,
2025/03/26 12:43:50,浅野堅一,FACE2025#5,https://drive.google.com/open?id=1btB6Ervf5foFUaxvXJ8nAwnjhtmp5vF2,"¥44,000",1/5,アート紙,2025,あり,380×280,あり,500×400×30,なし,"サイズ変更可能 作品サイズ300×210 ¥11,000",240070007,登録済,登録済,,1/5 販売済,
2025/03/26 12:45:32,浅野堅一,FACE2025#6,https://drive.google.com/open?id=1yy5Td2pLj6xpfufuopKhjVBYYxZGEv4J,"¥44,000",1/5,アート紙,2025,あり,380×280,あり,500×400×30,なし,"サイズ変更可能 作品サイズ300×210 ¥11,000",240070008,登録済,登録済,,,
2025/03/26 12:47:14,浅野堅一,FACE2025#7,https://drive.google.com/open?id=13MjMRnwKtR2R-2Ku4nJY8hSJ7EdK8fL7,"¥44,000",1/5,アート紙,2025,あり,380×280,あり,500×400×30,なし,"サイズ変更可能 作品サイズ300×210 ¥11,000",240070009,登録済,登録済,,,
2025/03/26 12:48:49,浅野堅一,FACE2025#8,https://drive.google.com/open?id=1IZkjBFQvcwsHBZ6BF6wHEpwvVKRKuU8r,"¥44,000",1/5,アート紙,2025,あり,380×280,あり,500×400×30,なし,"サイズ変更可能 作品サイズ300×210 ¥11,000",240070010,登録済,登録済,,,
2025/03/26 12:50:32,浅野堅一,FACE2025#9,https://drive.google.com/open?id=1BaiMaQ1PrQPekCh_6LTMsYKM2P1o_pAs,"¥44,000",1/5,アート紙,2025,あり,380×280,あり,500×400×30,なし,"サイズ変更可能 作品サイズ300×210 ¥11,000",240070011,登録済,登録済,,,
2025/03/26 12:52:33,浅野堅一,FACE2025#10,https://drive.google.com/open?id=19PG88gAA6PA6YMQBtKzpCTgDhf0tEesi,"¥44,000",1/5,アート紙,2025,あり,380×280,あり,500×400×30,なし,"サイズ変更可能 作品サイズ300×210 ¥11,000",240070012,登録済,登録済,,,
2025/03/26 12:54:16,浅野堅一,FACE2025#11,https://drive.google.com/open?id=1u0lJdnmo9mZ804DmiW3r9gp-w1AmkqgG,"¥44,000",1/5,アート紙,2025,あり,380×280,あり,500×400×30,なし,"サイズ変更可能 作品サイズ300×210 ¥11,000",240070013,登録済,登録済,,,
2025/03/26 12:55:50,浅野堅一,FACE2025#12,https://drive.google.com/open?id=17CHlSTIhKS710JZ5l6YQBwMgLBAecc62,"¥44,000",1/5,アート紙,2025,あり,380×280,あり,500×400×30,なし,"サイズ変更可能 作品サイズ300×210 ¥11,000",240070014,登録済,登録済,,,
2025/03/26 12:57:33,浅野堅一,FACE2025#13,https://drive.google.com/open?id=1zgFeyqR55CAGW28BHJ6lul7EnEkGLfFe,"¥44,000",1/5,アート紙,2025,あり,380×280,あり,500×400×30,なし,"サイズ変更可能 作品サイズ300×210 ¥11,000",240070015,登録済,登録済,,,
2025/03/26 13:00:07,浅野堅一,FACE2025#13,https://drive.google.com/open?id=1DuHMA_a_Y8JdnnXu1grR61MAoeT4_BOd,"¥44,000",1/5,アート紙,2025,あり,380×280,あり,500×400×30,なし,"サイズ変更可能 作品サイズ300×210 ¥11,000",240070016,売止,売止,,,
2025/03/26 13:01:38,浅野堅一,FACE2025#14,https://drive.google.com/open?id=1Iqn99yjwkWTy3nN480a5aPHib3gEKAd2,"¥44,000",1/5,アート紙,2025,あり,380×280,あり,500×400×30,なし,"サイズ変更可能 作品サイズ300×210 ¥11,000",240070017,登録済,登録済,,,
2025/03/26 13:03:56,浅野堅一,FACE2025#15,https://drive.google.com/open?id=1W8pSg7fwqkynlcKojYcLCdc8DtRkeea_,"¥44,000",1/5,アート紙,2025,あり,380×280,あり,500×400×30,なし,"サイズ変更可能 作品サイズ300×210 ¥11,000",240070018,登録済,登録済,,,
2025/03/26 18:53:12,浅野堅一,FACE2025#16,https://drive.google.com/open?id=1LEi8SFYzC7vAsXGUaeLzkX10lJ5ar8pY,"¥44,000",1/5,アート紙,2025,あり,380×280,あり,500×400×30,なし,"サイズ変更可能 作品サイズ300×210 ¥11,000",240070019,登録済,登録済,,,
2025/03/26 18:56:21,浅野堅一,FACE2025#17,https://drive.google.com/open?id=1ebJx6FVw5qIUNt-ovOCKVGE0MyC06kQj,"¥44,000",1/5,アート紙,2025,あり,380×280,あり,500×400×30,なし,"サイズ変更可能 作品サイズ300×210 ¥11,000",240070020,登録済,登録済,,,
2025/03/26 18:59:22,浅野堅一,FACE2025#18,https://drive.google.com/open?id=1O88QjIlg8KZ7bAbzT0ZOXwKESGhRwBDX,"¥44,000",1/5,アート紙,2025,あり,380×280,あり,500×400×30,なし,"サイズ変更可能 作品サイズ300×210 ¥11,000",240070021,登録済,登録済,,,
2025/03/26 19:00:57,浅野堅一,FACE2025#19,https://drive.google.com/open?id=1A_JeyZLefGJwOqrvFUUxeaO8eMtbdMp_,"¥44,000",1/5,アート紙,2025,あり,380×280,あり,500×400×30,なし,"サイズ変更可能 作品サイズ300×210 ¥11,000",240070022,登録済,登録済,,,
2025/03/26 19:02:40,浅野堅一,FACE2025#20,https://drive.google.com/open?id=17GHKLATS6Yfleb5pyJhYpvWpX-Ds1Ln2,"¥44,000",1/5,アート紙,2025,あり,380×280,あり,500×400×30,なし,"サイズ変更可能 作品サイズ300×210 ¥11,000",240070023,登録済,登録済,,,
2025/03/26 19:10:00,浅野堅一,FACE2025#21,https://drive.google.com/open?id=1uD7RXW5tiA4g49cNn-OrjTDhzaIbDDcE,"¥44,000",1/5,アート紙,2025,あり,380×280,あり,500×400×30,なし,"サイズ変更可能 作品サイズ300×210 ¥11,000",240070024,登録済,登録済,,,
2025/03/26 19:11:41,浅野堅一,FACE2025#22,https://drive.google.com/open?id=1p_Z3jc-7-bh1OSb3k9ctkBgOMZXdcDLV,"¥44,000",1/5,アート紙,2025,あり,380×280,あり,500×400×30,なし,"サイズ変更可能 作品サイズ300×210 ¥11,000",240070025,登録済,登録済,,,
2025/03/30 23:01:49,やまさきえりな,台座のうーれい1,https://drive.google.com/open?id=17FijkRFi0YYI_ZetmM1DCq_GwRqec0CY,"¥33,000",1/1,石粉粘土、紙粘土、アクリル絵の具、樹脂,2025年,なし,H70 x W35x D350mm,なし,,なし,"2025/05/07追記
20,000⇒33,000に値上げ",240120004,完売,完売,,,
2025/03/30 23:10:16,やまさきえりな,台座のうーれい2,https://drive.google.com/open?id=19GwwIpFyb8aeVxv5Ks2KKRvWqbgXD4gv,"¥33,000",1/1,石粉粘土、紙粘土、アクリル絵の具、樹脂,2025年,なし,H60 x W35 x D35ｍm,なし,,なし,"2025/05/07追記
20,000⇒33,000に値上げ",240120005,完売,完売,,,
2025/03/30 23:13:52,やまさきえりな,台座のうーれい3,https://drive.google.com/open?id=1QlQbDq8wnPkpLKwNjrxznyJ6Q0lMN5ZG,"¥33,000",1/1,石粉粘土、紙粘土、アクリル絵の具、樹脂,2025年,なし,H60 x W35 x 35ｍm,なし,,なし,"2025/05/07追記
20,000⇒33,000に値上げ",240120006,登録済,登録済,,,
2025/04/05 14:52:54,SASAKI Ayaka,SAKURA,https://drive.google.com/open?id=1OBC0p17L-tdCjgoOWTIo2GdTngXws_gp,"¥18,000",1/1,アクリル絵具、キャンバス,2025,あり,H360×W140×D20,なし,H360×W140×D20,あり,,250030003,完売,完売,,,
2025/04/08 16:48:38,kk hiroshima,●Four roses,https://drive.google.com/open?id=16MF5hrYKw8yth4xR-y8v6arqfi_pAb_N,"¥50,000",1/1,水性塗料、石膏パテ、木材、金物、ビス、キャンバス,2025,あり,H470×W380,あり,同上,なし,"2025/10/27 U5に伴う売価変更：77,000⇒50,000",250020001,登録済,売止,,,
2025/04/08 16:53:07,kk hiroshima,●Rose(Circle),https://drive.google.com/open?id=12kq1x9Q55mhk0_NVay2Tcw6pubKcdcS6,"¥50,000",1/1,水性塗料、石膏パテ、金物、ビス、キャンバス,2025,あり,H410×W320,あり,同上,なし,"2025/10/27 U5に伴う売価変更：77,000⇒50,000",250020002,登録済,売止,,,
2025/04/08 16:57:35,kk hiroshima,●Four square roses,https://drive.google.com/open?id=186DXn_5lGyShRgQOyHYelREhc58XEvN8,"¥50,000",1/1,水性塗料、石膏パテ、金物、ビス、キャンバス,2025,あり,H445×W355,あり,同上,なし,"2025/10/27 U5に伴う売価変更：77,000⇒50,000",250020003,登録済,売止,,,
2025/04/08 17:03:01,kk hiroshima,●Roses,https://drive.google.com/open?id=1fUTHPo9616HLw4jqmc1x_SQ4KaQzZOZn,"¥50,000",1/1,水性塗料、石膏パテ、金物、ビス、キャンバス,2025,あり,H460×W370,あり,同上,なし,"2025/10/27 U5に伴う売価変更：77,000⇒50,000",250020004,登録済,売止,,,
2025/04/10 14:08:23,kk hiroshima,●Bottles,https://drive.google.com/open?id=1yH2N5R94yg41F1MDHNypPlfQNXOHo3ML,"¥50,000",1/1,水性塗料、石膏パテ、金物、ビス、キャンバス,2025,あり,H460×W370,あり,同上,なし,"2025/10/27 U5に伴う売価変更：77,000⇒50,000",250020005,登録済,売止,,,
2025/04/10 14:11:42,大沼寛明,●クラカシリーズ5 - YUME KAIJU CAR ,https://drive.google.com/open?id=13TXEnK0s4ByMFpU9FsFrIt5YM3tmhQXB,"¥44,000",1/1,アクリル絵具、キャンバス,2025,あり,H380 x W455 x D20mm,なし,,なし,"2025/10/27 U5に伴う売価変更：88,000⇒44,000",240110036,登録済,売止,,,
2025/04/10 14:13:12,大沼寛明,●クラカシリーズ9 - CKGi4,https://drive.google.com/open?id=1nakSa9qn1kEqN3x4UsPN6OfkHy0faDrP,"¥44,000",1/1,アクリル絵具、キャンバス,2025,あり,H380 x W455 x D20mm,なし,,なし,"2025/10/27 U5に伴う売価変更：88,000⇒44,000",240110037,登録済,売止,,,
2025/04/10 14:15:05,大沼寛明,●クラカシリーズ3 - CLOUD - KUN CAR ,https://drive.google.com/open?id=1ibaJukdMgCjmVmBmE3K6nBDZhlX_fLCr,"¥44,000",1/1,アクリル絵具、キャンバス,2025,あり,H380 x W455 x D20mm,なし,,なし,"2025/10/27 U5に伴う売価変更：88,000⇒44,000",240110038,完売,売止,,,
2025/04/10 14:17:04,大沼寛明,●クラカシリーズ1 - SOUTO TORI CAR ,https://drive.google.com/open?id=1p_2mGvwHChGzxtEp_6oumQ25WAjfMQ8u,"¥44,000",1/1,アクリル絵具、キャンバス,2025,あり,H380 x W455 x D20mm,なし,,なし,"2025/10/27 U5に伴う売価変更：88,000⇒44,000",240110039,登録済,売止,,,
2025/04/10 14:18:39,大沼寛明,●クラカシリーズ109 - WANI KAIJUU CAR ,https://drive.google.com/open?id=13w7ArGFotZaHEVzsm1I_fS9lEForYK8F,"¥44,000",1/1,アクリル絵具、キャンバス,2025,なし,H380 x W455 x D20mm,なし,,なし,"2025/10/27 U5に伴う売価変更：88,000⇒44,000",240110040,登録済,売止,,,
2025/04/10 14:21:51,大沼寛明,クラウドくんの夢シリーズ　1-28,https://drive.google.com/open?id=13I-1jvzKKKJRquG7MesN2FbPJacKx3X1,"¥44,000",1/1,アクリル絵具、レジン、キャンバス,2025,あり,H330 x W24.5 x D20mm,なし,,なし,"各44,000円（28点あり）",240110041,登録済,登録済,,2/28 販売済,
2025/04/10 14:21:51,大沼寛明,●クラウドくんの夢シリーズ　1-28,https://drive.google.com/open?id=13I-1jvzKKKJRquG7MesN2FbPJacKx3X1,"¥22,000",1/1,アクリル絵具、レジン、キャンバス,2025,あり,H330 x W24.5 x D20mm,なし,,なし,"2025/10/27 U5に伴う売価変更：44,000⇒22,000",240110041,登録済,売止,,,
2025/04/10 14:27:14,大沼寛明,まぶしい光,https://drive.google.com/open?id=1VBtm3P72hxsea22_-T84SVy7hnnMQVL8,"¥1,100,000",1/1,アクリル絵具、キャンバス,2025,あり,H1450 x W1120 x D30mm を2枚　,なし,,なし,2枚1組の作品です,240110042,登録済,登録済,,,
2025/04/10 14:30:33,大沼寛明,●Who are you？シリーズ　1-9,https://drive.google.com/open?id=13QnOchTWdT0gXN2NwYdYsZPdmCSYTuIn,"¥22,000",1/1,アクリル絵具、キャンバス,2025,あり,H330 x W245 x D30mm,なし,,なし,"各44,000円（9点あり）
2025/10/27 U5に伴う売価変更：44,000⇒22,000",240110043,登録済,売止,,,
2025/04/10 18:02:55,大沼寛明,クラウドくんのパーカー,　,"¥30,000",1/1,パーカー、油性ペン,2025,あり,XL SIZE,なし,,なし,,240110044,完売,完売,,,
2025/04/12 12:34:17,宮本拓也,平和と希望の道標(A beacon of peace and hope),https://drive.google.com/open?id=16kTF6Pn2r9rxBKIhqFZXJngSbvx4ufRW,"¥550,000",1/1,アクリル絵具、キャンバス,2025,あり,F50/1167✖︎910,なし,,なし,,240020079,登録済,非公開,,,
2025/04/12 12:40:59,宮本拓也,平和と生命の道標(signposts of peace and Life),https://drive.google.com/open?id=1MTwFHPjXiW4jnJdFoozwOzdtyoABrEXM,"¥550,000",1/1,アクリル絵具　キャンバス,2025,あり,F50/1167✖︎910,なし,,なし,,240020080,登録済,登録済,,,
2025/04/12 12:48:29,宮本拓也,原爆ドームの壁面(wall surface of the A tomic Bomb Dome),https://drive.google.com/open?id=1GduzUY_uFozCvQPyQbo0lPTRIJfmDSlR,"¥88,000",1/1,アクリル絵具　キャンバス,2025,あり,WF4/666✖︎242,なし,,なし,,240020081,登録済,登録済,,,
2025/04/12 12:51:25,宮本拓也,原爆ドームの壁面(wall surface of the Atomic Bomb Dome),https://drive.google.com/open?id=1kBJK6s24g--aY2C_I-ZEMu8-7q_mzl2E,"¥88,000",1/1,アクリル絵具　キャンバス,2025,あり,WF4/666✖︎242,なし,,なし,,240020082,登録済,登録済,,,
2025/04/12 12:54:17,宮本拓也,原爆ドームの壁面(wall surface of the Atomic Bomb Dome),https://drive.google.com/open?id=1Spb2LqIfA9N0LO4do4zfE6eU8SZ3zIwP,"¥88,000",1/1,アクリル絵具　キャンバス,2025,あり,WF4/666✖︎242,なし,,なし,,240020083,登録済,登録済,,,
2025/04/12 13:13:20,宮本拓也,平和の像/peace statue,https://drive.google.com/open?id=1KtjKcyMWnZegYCYaaaIiuv8PgxJLdA3c,"¥110,000",1/1,アクリル絵具　キャンバス,2025,あり,S10/530✖︎530,なし,,なし,,240020084,登録済,登録済,,,
2025/04/12 13:16:31,宮本拓也,平和の像/peace statue,https://drive.google.com/open?id=1SrLa1xqpUrCfLzcfsFGAbx4xS0MnQ3N6,"¥110,000",1/1,アクリル絵具　キャンバス,2025,あり,S10/530✖︎530,なし,,なし,,240020085,登録済,登録済,,,
2025/04/12 13:19:26,宮本拓也,平和の像/peace statue,https://drive.google.com/open?id=1JF07vwTeiaWPvr16x1hvU5FLUr-edzGi,"¥110,000",1/1,アクリル絵具　キャンバス,2025,あり,S10/530✖︎530,なし,,なし,,240020086,登録済,登録済,,,
2025/04/12 13:26:13,宮本拓也,原爆ドームの壁面/(wall surface of the Atomic Bomb Dome),https://drive.google.com/open?id=1vNsYnLMKNTdS76uHNepgZLysvlxa8bVr,"¥110,000",1/1,アクリル絵具　キャンバス,2025,あり,F10/530✖︎455,なし,,なし,,240020087,登録済,登録済,,,
2025/04/12 13:28:26,宮本拓也,原爆ドームの壁面/(wall surface of the Atomic Bomb Dome),https://drive.google.com/open?id=1Zh89vP8zfW9VutQMmAwDP0BkZ8eScjsi,"¥110,000",1/1,アクリル絵具　キャンバス,2025,あり,F10/530✖︎455,なし,,なし,,240020088,登録済,登録済,,,
2025/04/12 13:31:09,宮本拓也,原爆ドームの壁面/(wall surface of the Atomic Bomb Dome),https://drive.google.com/open?id=1kzUjutuas85F8nlM6MZeHQLdjCqobWHM,"¥110,000",1/1,アクリル絵具　キャンバス,2025,あり,F10/530✖︎530,なし,,なし,,240020089,完売,完売,,,
2025/04/12 13:33:19,宮本拓也,原爆ドームの壁面/(wall surface of the Atomic Bomb Dome),https://drive.google.com/open?id=1tmYv1HisAiOUGF8s4-k0ehB2JdLIjFVl,"¥110,000",1/1,アクリル絵具　キャンバス,2025,あり,F10/530✖︎455,なし,,なし,,240020090,登録済,登録済,,,
2025/04/12 13:36:37,宮本拓也,原爆ドームの壁面/(wall surface of the Atomic Bomb Dome),https://drive.google.com/open?id=1GU94K63VpStGvZYPz_LI064FIokYtxAR,"¥110,000",1/1,アクリル絵具,2025,あり,F10/530✖︎530,なし,,なし,,240020091,完売,完売,,,
2025/04/12 13:46:59,宮本拓也,原爆ドームの壁面/(wall surface of the Atomic Bomb Dome),https://drive.google.com/open?id=1PN7GRT_jGSEe79aI43-vAHq0-w3THEgS,"¥88,000",1/1,アクリル絵具　キャンバス,2025,あり,F8/455✖︎380,なし,,なし,,240020092,登録済,登録済,,,
2025/04/12 13:48:34,宮本拓也,原爆ドームの壁面/(wall surface of the Atomic Bomb Dome),https://drive.google.com/open?id=1wLw_SfpG-L-QTPYWmpJQYbOiYjQeqTzX,"¥88,000",1/1,アクリル絵具　キャンバス,2025,あり,F8/455✖︎380,なし,,なし,,240020093,完売,完売,,,
2025/04/12 13:50:10,宮本拓也,原爆ドームの壁面/(wall surface of the Atomic Bomb Dome),https://drive.google.com/open?id=1aIW-EI3n4-3d2D8_ShL5bg9GX8qfami7,"¥88,000",1/1,アクリル絵具　キャンバス,2025,あり,F8/455✖︎380,なし,,なし,,240020094,完売,完売,,,
2025/04/12 13:53:07,宮本拓也,原爆ドームの壁面/(wall surface of the Atomic Bomb Dome),https://drive.google.com/open?id=1LgC07ylJOCj_rlPKYR0l7VOCVEu0mD5L,"¥88,000",1/1,アクリル絵具　キャンバス,2025,あり,F8/455✖︎380,なし,,なし,,240020095,登録済,登録済,,,
2025/04/12 13:54:42,宮本拓也,原爆ドームの壁面/(wall surface of the Atomic Bomb Dome),https://drive.google.com/open?id=1xQ0GX19ZNHQnj_vPLjY4DsZKOH05dtYM,"¥88,000",1/1,アクリル絵具　キャンバス,2025,あり,F8/455✖︎380,なし,,なし,,240020096,登録済,登録済,,,
2025/04/12 13:56:12,宮本拓也,原爆ドームの壁面/(wall surface of the Atomic Bomb Dome),https://drive.google.com/open?id=1Tm43Jyf1Gu_kPtzL1zoEnqmw9vWqrlvO,"¥88,000",1/1,アクリル絵具　キャンバス,2025,あり,F8/455✖︎380,なし,,なし,,240020097,完売,完売,,,
2025/04/12 13:58:01,宮本拓也,原爆ドームの壁面/(wall surface of the Atomic Bomb Dome),https://drive.google.com/open?id=1PjOZNleYt5wHUrlDrK45L0jF4Fa8JQ69,"¥88,000",1/1,アクリル絵具　キャンバス,2025,あり,F8/455✖︎380,なし,,なし,,240020098,登録済,登録済,,,
2025/04/12 14:00:10,宮本拓也,原爆ドームの壁面/(wall surface of the Atomic Bomb Dome),https://drive.google.com/open?id=1uuRcgvmRj241C2U5J2gMy2otTosjA4pq,"¥88,000",1/1,アクリル絵具　キャンバス,2025,あり,F8/455✖︎380,なし,,なし,,240020099,登録済,登録済,,,
2025/04/12 14:01:46,宮本拓也,原爆ドームの壁面/(wall surface of the Atomic Bomb Dome),https://drive.google.com/open?id=15kg8Vuq9vG_SCUslhVmUJckU02DMKYdh,"¥88,000",1/1,アクリル絵具　キャンバス,2025,あり,F8/455✖︎380,なし,,なし,,240020100,登録済,登録済,,,
2025/04/12 14:04:15,宮本拓也,原爆ドームの壁面/(wall surface of the Atomic Bomb Dome),https://drive.google.com/open?id=1RBS7EYHaEeg6ObCnusNOrA-xwlDCcNK4,"¥88,000",1/1,アクリル絵具　キャンバス,2025,あり,F8/455✖︎380,なし,,なし,,240020101,登録済,登録済,,,
2025/04/12 14:05:56,宮本拓也,原爆ドームの壁面/(wall surface of the Atomic Bomb Dome),https://drive.google.com/open?id=1YfyhlkZb0fnXiRwtfdw9F3Q0lXknlk9Y,"¥88,000",1/1,アクリル絵具　キャンバス,2025,あり,F8/455✖︎380,なし,,なし,,240020102,完売,完売,,,
2025/04/12 14:07:41,宮本拓也,原爆ドームの壁面/(wall surface of the Atomic Bomb Dome),https://drive.google.com/open?id=1EwiSkKr6AgZUu-RWEDGqaui1H-LUtC_a,"¥88,000",1/1,アクリル絵具　キャンバス,2025,あり,F8/455✖︎380,なし,,なし,,240020103,完売,完売,,,
2025/04/12 14:09:33,宮本拓也,原爆ドームの壁面/(wall surface of the Atomic Bomb Dome),https://drive.google.com/open?id=1cgULc99npTCvDeHRWcP67Ipwwx-FyLo2,"¥88,000",1/1,アクリル絵具　キャンバス,2025,あり,F8/455✖︎380,なし,,なし,,240020104,登録済,登録済,,,
2025/04/12 14:11:13,宮本拓也,原爆ドームの壁面/(wall surface of the Atomic Bomb Dome),https://drive.google.com/open?id=1Wzx4KX3xqPf-eIg_OiyJRe79q2Cw4NjG,"¥88,000",1/1,アクリル絵具　キャンバス,2025,あり,F8/455✖︎380,なし,,なし,,240020105,登録済,登録済,,,
2025/04/12 14:13:02,宮本拓也,原爆ドームの壁面/(wall surface of the Atomic Bomb Dome),https://drive.google.com/open?id=1ZNIKKmskWTjjoMeAl9EUt7l_G4SUYhoI,"¥88,000",1/1,アクリル絵具　キャンバス,2025,あり,F8/455✖︎380,なし,,なし,,240020106,登録済,登録済,,,
2025/04/12 14:14:47,宮本拓也,原爆ドームの壁面/(wall surface of the Atomic Bomb Dome),https://drive.google.com/open?id=1h0Di9zVbTn-HF4gW0jgOJzm4B4x7ku74,"¥88,000",1/1,アクリル絵具　キャンバス,2025,あり,F8/455✖︎380,なし,,なし,,240020107,登録済,登録済,,,
2025/04/12 14:17:02,宮本拓也,原爆ドームの壁面/(wall surface of the Atomic Bomb Dome),https://drive.google.com/open?id=1-HVfN757aPvBvrPVLUJW58tPgySYl09Y,"¥88,000",1/1,アクリル絵具　キャンバス,2025,あり,F8/455✖︎380,なし,,なし,,240020108,登録済,登録済,,,
2025/04/12 14:19:14,宮本拓也,原爆が落ちた広島の風景/Scenery of Hiroshima where the atomic bomb fell,https://drive.google.com/open?id=1kdY2VjZynaNKx5xjMoJ3V9e-J5mDRLs-,"¥88,000",1/1,アクリル絵具　キャンバス,2025,あり,F8/455✖︎380,なし,,なし,,240020109,登録済,登録済,,,
2025/04/12 14:24:54,宮本拓也,平和と花と感謝/peace flowers and gratitude,https://drive.google.com/open?id=1K3RaIwaUL6Red6XKcKsF_aTdtFbffq5C,"¥19,800",1/1,アクリル絵具　キャンバス,2025,あり,F0/180✖︎140,なし,,なし,,240020110,完売,完売,,,
2025/04/12 14:26:42,宮本拓也,平和と花と感謝/peace flowers and gratitude,https://drive.google.com/open?id=1OGCMsGfIbby5ddn4UIlkqL_hhrd_LUtT,"¥19,800",1/1,アクリル絵具　キャンバス,2025,あり,F0/180✖︎140,なし,,なし,,240020111,完売,完売,,,
2025/04/12 14:28:07,宮本拓也,平和と花と感謝/peace flowers and gratitude,https://drive.google.com/open?id=1SHnNURzhAeog0268LFByb-hZdKZaVIKG,"¥19,800",1/1,アクリル絵具　キャンバス,2025,あり,F0/180✖︎140,なし,,なし,,240020112,完売,完売,,,
2025/04/12 14:29:37,宮本拓也,平和と花と感謝/peace flowers and gratitude,https://drive.google.com/open?id=1vPjELk91zlv5uC4ityJoUvyIA71lR0Cn,"¥19,800",1/1,アクリル絵具　キャンバス,2025,あり,F0/180✖︎140,なし,,なし,,240020113,完売,完売,,,
2025/04/12 14:31:00,宮本拓也,平和と花と感謝/peace flowers and gratitude,https://drive.google.com/open?id=1MLucIasjfXfmJoB00xD0IHRhbCCuixOk,"¥19,800",1/1,アクリル絵具　キャンバス,2025,あり,F0/180✖︎140,なし,,なし,,240020114,完売,完売,,,
2025/04/12 14:32:52,宮本拓也,平和と花と感謝/peace flowers and gratitude,https://drive.google.com/open?id=1vJ3DY-ydbOpNDvHo-vuF9hU0px0XBzfq,"¥19,800",1/1,アクリル絵具　キャンバス,2025,あり,F0/180✖︎140,なし,,なし,,240020115,完売,完売,,,
2025/04/12 14:34:40,宮本拓也,平和と花と感謝/peace flowers and gratitude,https://drive.google.com/open?id=1-csORgCkrFOwyxEAQzz0gfI26iK5C3N_,"¥19,800",1/1,アクリル絵具　キャンバス,2025,あり,F0/180✖︎140.,なし,,なし,,240020116,完売,完売,,,
2025/04/12 14:36:18,宮本拓也,平和と花と感謝/peace flowers and gratitude,https://drive.google.com/open?id=1JyhTszqSWlv9fHFe62XTwjv4NIGix9pg,"¥19,800",1/1,アクリル絵具　キャンバス,2025,あり,F0/180✖︎140,なし,,なし,,240020117,完売,完売,,,
2025/04/12 14:38:10,宮本拓也,平和と花と感謝/peace flowers and gratitude,https://drive.google.com/open?id=1Aid9xo5DOGk9TucIHLQw4eH9OfFHHhmC,"¥19,800",1/1,アクリル絵具　キャンバス,2025,あり,F0/180✖︎140,なし,,なし,,240020118,完売,完売,,,
2025/04/12 14:41:16,宮本拓也,原爆ドームの壁面/(wall surface of the Atomic Bomb Dome),https://drive.google.com/open?id=1WJXhRzRy6RhKCc6PqSHHX43ZV9R_o9Mb,"¥19,800",1/1,アクリル絵具　キャンバス,2025,あり,F0/180✖︎140.,なし,,なし,,240020119,登録済,登録済,,,
2025/04/12 14:43:05,宮本拓也,原爆ドームの壁面/(wall surface of the Atomic Bomb Dome),https://drive.google.com/open?id=1q0gixULF0iy8KQuxqfrPOsUn0Sue2n9r,"¥19,800",1/1,アクリル絵具　キャンバス,2025,あり,F0/180✖︎140,なし,,なし,,240020120,完売,完売,,,
2025/04/12 14:45:02,宮本拓也,原爆ドームの壁面/(wall surface of the Atomic Bomb Dome),https://drive.google.com/open?id=1mDno-C0x1pKAhSO2ZB9CyFkaiH-cuOZ-,"¥19,800",1/1,アクリル絵具　キャンバス,2025,あり,F0/180✖︎140.,なし,,なし,,240020121,完売,完売,,,
2025/04/12 14:46:35,宮本拓也,原爆ドームの壁面/(wall surface of the Atomic Bomb Dome),https://drive.google.com/open?id=1WT9ROd_nlqjPbfEM15EXrswd5kVSz2xa,"¥19,800",1/1,アクリル絵具　キャンバス,2025,あり,F0/180✖︎140,なし,,なし,,240020122,完売,完売,,,
2025/04/12 14:48:02,宮本拓也,原爆ドームの壁面/(wall surface of the Atomic Bomb Dome),https://drive.google.com/open?id=1XC-yjEHxva0JfIAOnNTdSfGk9qY6psti,"¥19,800",1/1,アクリル絵具　キャンバス,2025,あり,F0/180✖︎140,なし,,なし,,240020123,完売,完売,,,
2025/04/12 14:49:43,宮本拓也,原爆ドームの壁面/(wall surface of the Atomic Bomb Dome),https://drive.google.com/open?id=1U4CFI5DWASqALQYKm-EqYV6M1CEX5Mxx,"¥19,800",1/1,アクリル絵具　キャンバス,2025,あり,F0/180✖︎140,なし,,なし,,240020124,完売,完売,,,
2025/04/12 14:51:09,宮本拓也,原爆ドームの壁面/(wall surface of the Atomic Bomb Dome),https://drive.google.com/open?id=1nww3kg5xMvgO4yf8mA9DLPd13QrN_f4Q,"¥19,800",1/1,アクリル絵具　キャンバス,2025,あり,F0/180✖︎140,なし,,なし,,240020125,完売,完売,,,
2025/04/12 14:52:40,宮本拓也,原爆ドームの壁面/(wall surface of the Atomic Bomb Dome),https://drive.google.com/open?id=1k8PCNwfHOgTqeVsIRGzjH-1vde7w12xf,"¥19,800",1/1,アクリル絵具　キャンバス,2025,あり,F0/180✖︎140.,なし,,なし,,240020126,登録済,登録済,,,
2025/04/12 14:54:17,宮本拓也,原爆ドームの壁面/(wall surface of the Atomic Bomb Dome),https://drive.google.com/open?id=1WAtRoEANrpG6hnTIJLaQBA7Y1Bi7GexZ,"¥19,800",1/1,アクリル絵具　キャンバス,2025,あり,F0/180✖︎140,なし,,なし,,240020127,完売,完売,,,
2025/04/12 15:04:21,宮本拓也,原爆ドームの壁面/(wall surface of the Atomic Bomb Dome),https://drive.google.com/open?id=1A9fXpDWMmk-D73_I8YbxOUyp3hb21C1f,"¥19,800",1/1,アクリル絵具　キャンバス,2025,あり,F0/180✖︎140,なし,,なし,,240020128,完売,完売,,,
2025/04/12 15:05:56,宮本拓也,原爆ドームの壁面/(wall surface of the Atomic Bomb Dome),https://drive.google.com/open?id=1SpKDHv6EM3mxsDRo1ssC2YKd7dZ8BGN5,"¥19,800",1/1,アクリル絵具　キャンバス,2025,あり,F0/180✖︎140,なし,,なし,,240020129,登録済,登録済,,,
2025/04/12 15:07:29,宮本拓也,原爆ドームの壁面/(wall surface of the Atomic Bomb Dome),https://drive.google.com/open?id=1xBl92mlIkPTp-FvLAhAwKPgM76QW0oiy,"¥19,800",1/1,アクリル絵具　キャンバス,2025,あり,F0/180✖︎140,なし,,なし,,240020130,完売,完売,,,
2025/04/21 13:04:53,宮本拓也,原爆ドームの壁面/(wall surface of the Atomic Bomb Dome),https://drive.google.com/open?id=1BGJxvKWuVIh1lh-GvyJZk7t7tMJuWO13,"¥19,800",1/1,アクリル絵具　キャンバス,2025,あり,F0/180✖️140,なし,,なし,,240020131,登録済,登録済,,,
2025/04/21 17:44:58,宮本拓也, 原爆ドームの壁面/(wall surface of the Atomic Bomb Dome),https://drive.google.com/open?id=1bu5J00B-LrRkyFbGP0kUAyBlO5giX2DE,"¥88,000",1/1,アクリル絵具　キャンバス,2025,あり,F8/455✖️380,なし,,なし,,240020132,完売,完売,,,
2025/04/23 17:11:48,宮本拓也,原爆ドームの壁面/(wall surface of the Atomic Bomb Dome),https://drive.google.com/open?id=1nnYqWY970aFpnbucKvDoM-FQY2m0QdvX,"¥110,000",1/1,アクリル絵具　キャンバス,2025,あり,F10/530✖︎455,なし,,なし,,240020133,完売,完売,,,
2025/05/01 17:29:32,SASAKI Ayaka,海月,https://drive.google.com/open?id=1BL5oqwEofXSwwyH8r3ORLiiVq4LnABR8,"¥27,000",1/1,アクリル絵具、キャンバス、テクスチャー,2024,あり,H460×W380×D20,なし,,あり,,250030004,完売,完売,,,
2025/05/01 17:34:26,SASAKI Ayaka,●惑星飛躍,https://drive.google.com/open?id=1BdX-fZrciDmC1z_tRBM13ObE8mdGZ9V6,"¥27,000",1/1,アクリル絵具、キャンバス,2024,あり,H450×W380×D20,なし,,なし,値段変更の可能性ありのため非公開,250030005,完売,売止,,,
2025/05/01 17:36:43,SASAKI Ayaka,●願いが叶う惑星ピンク,https://drive.google.com/open?id=1VKZ9Nfygv4V6UsILeHVTvYfv597z7TlH,"¥33,000",1/1,アクリル絵具、キャンバス,2024,あり,H450×W380×D20,なし,,あり,値段変更の可能性ありのため非公開,250030006,登録済,売止,,,
2025/05/01 17:41:35,SASAKI Ayaka,●宇宙を漂う海豚意識,https://drive.google.com/open?id=1Xz7pjJIed23sBrHIeW46KHnWtSAfpPMa,"¥33,000",1/1,アクリル絵具、キャンバス,2023,あり,H450×W380×D20,なし,,あり,値段変更の可能性ありのため非公開,250030007,登録済,売止,,,
2025/05/01 17:49:08,SASAKI Ayaka,今回の人生はどうだった？,https://drive.google.com/open?id=1egajPzCgihmJia2Y5QV6NX3qi13gRfNB,"¥12,000",1/1,アクリル絵具、キャンバス,2024,あり,H250×W250×D15,なし,,あり,,250030008,完売,完売,,,
2025/05/01 17:51:02,SASAKI Ayaka,来世はどう出逢おうか,https://drive.google.com/open?id=1abWldtyxIpWpSwqwXFC8NxcU5zcP2k8R,"¥12,000",1/1,アクリル絵具、キャンバス,2024,あり,H250×W250×D15,なし,,あり,,250030009,完売,完売,,,
2025/05/01 17:53:41,SASAKI Ayaka,月のダンス,https://drive.google.com/open?id=1glnQ73vl-d3yIEOHgYzGdNaWyCSr6swN,"¥12,000",1/1,アクリル絵具、キャンバス,2024,あり,H250×W250×D15,なし,,あり,,250030010,完売,完売,,,
2025/05/08 9:05:52,岡本祐季,ただ静かに佇むI,https://drive.google.com/open?id=1X4rTBZBwIU9ky2lxCSzF8cnkkuyJDUyh,"¥88,000",1/1,鉄、ラッカー,2023年,なし,H865 × W175 × D175  weight 2kg,なし,H865 × W175 × D175   weight 2kg,なし,,250010004,登録済,登録済,,,
2025/05/08 9:10:50,岡本祐季,ただ静かに佇むⅡ,https://drive.google.com/open?id=1dO3K6lU3zu_nYlDyhwtGlX4MnC7Jdzr3,"¥110,000",1/1,鉄、ラッカー,2023,なし,H965 × W175 × D175   weight 2.5kg,なし,,なし,鉄製品ですので水分で錆びます。お手入れにはご注意ください,250010005,登録済,登録済,,,
2025/05/08 9:12:55,岡本祐季,夜咄Ⅱ,https://drive.google.com/open?id=1FgCND48ke70cb3qPZNy4EVrhTQAWUHTn,"¥88,000",1/1,鉄、ラッカー,2023,なし,H665 × W170 × D170   weight 2.5kg,なし,,なし,鉄製品ですので水分で錆びます。お手入れにご注意ください。,250010006,登録済,登録済,,,
2025/05/23 16:20:08,楽鬼,百鬼夜行,https://drive.google.com/open?id=1wlD42IHUb60KbqXlmasSsbNaDpqJq_c2,"¥800,000",1,障子　墨,2025,あり,H183×W70×D1,なし,,あり,,250040014,登録済,登録済,,,
2025/06/04 11:38:30,大沼寛明,クラウドヒーローシリーズ　トリくんとトラくん,https://drive.google.com/open?id=1ELT1T21dfp2wdudyVWXpJkM_utbOpZMa,"¥25,000",1/1,アクリル絵具、キャンバス,2025,あり,H330x W245 x D20mm,なし,,なし,,240110045,完売,完売,,,
2025/06/05 17:48:43,海島亜美,私のいのち,https://drive.google.com/open?id=1MjL2uvQH1uFxJv0T1sXAQvqy2UXfxuUQ,"¥300,000",1/1,アクリル絵の具 キャンバス,2025,あり,1167×910,なし,,なし,,240030025,登録済,登録済,,,
2025/06/05 19:18:18,海島亜美,●卑下,https://drive.google.com/open?id=1KZ7s3bol7fwGU09OhtbP_3TR8BWgTwpm,"¥25,000",1/1,アクリル絵の具 鏡,2025,あり,25×24,なし,,なし,値段変更の可能性ありのため非公開,240030026,登録済,売止,,,
2025/06/05 19:21:35,海島亜美,●悟り,https://drive.google.com/open?id=1185y75kO4VmNN4n5-pazQGtLGTslUoOB,"¥25,000",1/1,アクリル絵の具 鏡,2025,あり,25×24,なし,,なし,値段変更の可能性ありのため非公開,240030027,登録済,売止,,,
2025/06/05 19:23:15,海島亜美,●直視,https://drive.google.com/open?id=1vmTKA6h8u4YcT_ljLljZmvNglFRowD6K,"¥25,000",1/1,アクリル絵の具  鏡,2025,あり,25×24,なし,,なし,値段変更の可能性ありのため非公開,240030028,登録済,売止,,,
2025/06/05 19:24:59,海島亜美,●薄情,https://drive.google.com/open?id=161vwcrH6Usp5AO1Vg0MyBkXJjUOE9549,"¥25,000",1/1,アクリル絵の具  鏡,2025,あり,25×24,なし,,なし,値段変更の可能性ありのため非公開,240030029,登録済,売止,,,
2025/06/05 19:28:47,海島亜美,安心を私に,https://drive.google.com/open?id=1iEaeZSu3pjPov8RinHMcBcHioW_Phn5X,"¥50,000",1/1,アクリル絵の具  キャンバス,2025,あり,455×455,なし,,なし,"2025/06/07
重複登録のため売止",240030030,売止,売止,,,
2025/06/05 19:30:10,海島亜美,●無関心,https://drive.google.com/open?id=1fPosDxeN8fhq4Gj2P0EdF-ZBfxhJDdAc,"¥25,000",1/1,アクリル絵の具  鏡,2025,あり,250×240,なし,,なし,値段変更の可能性ありのため非公開,240030031,登録済,売止,,,
2025/06/05 19:32:31,海島亜美,●放棄,https://drive.google.com/open?id=1PSPg1eYc95uW8eRfCswIhZL9PRcFwPLB,"¥25,000",1/1,アクリル絵の具  鏡,2025,あり,250×240,なし,,なし,値段変更の可能性ありのため非公開,240030032,登録済,売止,,,
2025/06/05 19:33:45,海島亜美,●憎悪,https://drive.google.com/open?id=1fpe8cmO51vqtFgX2-z2_8_ynNfclj5o7,"¥25,000",1/1,アクリル絵の具  鏡,2025,あり,250×240,なし,,なし,値段変更の可能性ありのため非公開,240030033,登録済,売止,,,
2025/06/05 19:36:31,海島亜美,●哀れ,https://drive.google.com/open?id=1EsmEJaZZpF_gbNC-BVfXNNNTky7GMMRH,"¥25,000",1/1,アクリル絵の具  鏡,2025,あり,250×240,なし,,なし,値段変更の可能性ありのため非公開,240030034,登録済,売止,,,
2025/06/05 19:39:03,海島亜美,余熱,https://drive.google.com/open?id=1aFZ_F1tPXihefIEsJ_N2o1sKwNKg4rkN,"¥30,000",1/1,アクリル絵の具  鏡,2025,あり,250×240,なし,,なし,"2025/06/07
重複登録のため売止",240030035,売止,売止,,,
2025/06/05 19:41:18,海島亜美,自責,https://drive.google.com/open?id=1ZTHdJyt7YIz1w9uJDkSQRWsYap7POSKo,"¥30,000",1/1,アクリル絵の具 キャンバス,2025,あり,242×333,なし,,なし,"2025/06/07
重複登録のため売止",240030036,売止,売止,,,
2025/06/05 19:42:57,海島亜美,涙痕,https://drive.google.com/open?id=1sXfsuF0WtEo9YLaSHWNDJsFPzSV5R9zD,"¥30,000",1/1,アクリル絵の具  キャンバス,2…2×,あり,242×333,なし,,なし,,240030037,完売,完売,,,
2025/06/05 19:45:07,海島亜美,●悲濁,https://drive.google.com/open?id=1VOOpyK__fGB5D_fZC2__tzpZ2rg_X3VP,"¥30,000",1/1,アクリル絵の具  キャンバス,2025,あり,333×242,なし,,なし,値段変更の可能性ありのため非公開,240030038,登録済,売止,,,
2025/06/05 19:47:14,海島亜美,●不満,https://drive.google.com/open?id=1xpAW_ahGP4yCjYAPbpykbZIMMXiKhtdb,"¥30,000",1/1,アクリル絵の具  キャンバス,2025,あり,242×333,なし,,なし,値段変更の可能性ありのため非公開,240030039,登録済,売止,,,
2025/06/05 19:49:20,海島亜美,●依存,https://drive.google.com/open?id=1s5qtSjcgwHSQM3O2uUc_Gw11oQnt1J-o,"¥25,000",1/1,アクリル絵の具  キャンバス,2025,あり,333×242,なし,,なし,値段変更の可能性ありのため非公開,240030040,登録済,売止,,,
2025/06/05 19:52:41,海島亜美,センチメンタル,https://drive.google.com/open?id=1l21zWF1S-rsQS5Lz_D4-gODAzXr4m6rA,"¥65,000",1/1,アクリル絵の具  キャンバス,2025,あり,530×530,なし,,なし,,240030041,完売,完売,,,
2025/06/05 19:54:27,海島亜美,鋼メンタル,https://drive.google.com/open?id=1-p-PI6EfCIK5OWUtU0tjmvsz33gBMKDT,"¥65,000",1/1,アクリル絵の具  キャンバス,2025,あり,530×530,なし,,なし,,240030042,登録済,登録済,,,
2025/06/05 19:56:06,海島亜美,綺麗になりたくて,https://drive.google.com/open?id=1nKEfWTM_BClEYYjlr1RP46u0D-sGzx48,"¥65,000",1/1,アクリル絵の具  キャンバス,2025,あり,530×530,なし,,なし,,240030043,登録済,登録済,,,
2025/06/05 19:57:18,海島亜美,朽ちる想い,https://drive.google.com/open?id=1pVFl4-omeAT_HR-m8Z4jc3kMommjbYdQ,"¥65,000",1/1,アクリル絵の具  キャンバス,2025,あり,530×530,なし,,なし,,240030044,登録済,登録済,,,
2025/06/05 19:58:49,海島亜美,●想いを繋いで,https://drive.google.com/open?id=1RWj9H9k3v8Cu1sp4nmy8F2px5E6WoL6y,"¥30,000",1/1,アクリル絵の具 キャンバス,2025,あり,333×242,なし,,なし,値段変更の可能性ありのため非公開,240030045,登録済,売止,,,
2025/06/05 20:00:40,海島亜美,なんとかする,https://drive.google.com/open?id=1vZFmWOmF_lpL-QhHRr-3evTA7JwnX6tM,"¥20,000",1/1,アクリル絵の具  キャンバス,2025,あり,227×158,なし,,なし,,240030046,完売,完売,,,
2025/06/05 20:02:14,海島亜美,●役に立てたかな？,https://drive.google.com/open?id=1SOGW-_gO7CwkXqO2C4d9gvcf5BwsPF00,"¥25,000",1/1,アクリル絵の具  キャンバス,2025,あり,273×220,なし,,なし,値段変更の可能性ありのため非公開,240030047,登録済,売止,,,
2025/06/05 20:04:42,海島亜美,眠けりゃ寝ろ,https://drive.google.com/open?id=1cYEXzZKS7zWRWPalsdRYKfEjVC1GOxmU,"¥15,000",1/1,アクリル絵の具  キャンバス,2025,あり,180×160,なし,,なし,"2025/06/07
重複登録のため売止",240030048,売止,売止,,,
2025/06/05 20:07:23,海島亜美,信念の芯,https://drive.google.com/open?id=1bTSwoK7zEy6qyhqkluQdBkw_p7cfn5UR,"¥200,000",1/1,アクリル絵の具  キャンバス,2024,あり,910×727,なし,,なし,,240030049,登録済,登録済,,,
2025/06/05 20:09:24,海島亜美,別視点で見る,https://drive.google.com/open?id=1GmucmFbFHRnptGC4cYAVFkYEhSGY1oAL,"¥65,000",1/1,アクリル絵の具  キャンバス,2025,あり,530×530,なし,,なし,,240030050,登録済,登録済,,,
2025/06/05 20:12:48,海島亜美,●愛を届けられる様に,https://drive.google.com/open?id=1WePX9dgwDQ26XLZjg7OR86nlBzgp6ne8,"¥15,000",1/1,アクリル絵の具  キャンバス,2025,あり,180×140,なし,,なし,値段変更の可能性ありのため非公開,240030051,登録済,売止,,,
2025/06/05 20:14:11,海島亜美,●女性の型にハマらない,https://drive.google.com/open?id=14TmxtkTrw8Y1zNqu6v54CupMy_bTHsPd,"¥15,000",1/1,アクリル絵の具  キャンバス,2025,あり,180×140,なし,,なし,値段変更の可能性ありのため非公開,240030052,登録済,売止,,,
2025/06/05 20:15:35,海島亜美,●今の私には重たい,https://drive.google.com/open?id=1Cp6bmIaZbLluqY1oqN76Ka5DUF1Zsdcq,"¥15,000",1/1,アクリル絵の具  キャンバス,2025,あり,180×140,なし,,なし,値段変更の可能性ありのため非公開,240030053,登録済,売止,,,
2025/06/05 20:45:26,海島亜美,●安心を私に,https://drive.google.com/open?id=1t8eDKSOn0VdkHGPvf4ka2JiT5_W_9sFh,"¥50,000",1/1,アクリル絵の具  キャンバス,2025,あり,455×455,なし,,なし,値段変更の可能性ありのため非公開,240030054,登録済,売止,,,
2025/06/05 20:46:58,海島亜美,●余熱,https://drive.google.com/open?id=1djDi-eR1bk60wOJ33kDyAiic_dCPNuBd,"¥30,000",1/1,アクリル絵の具  キャンバス,2025,あり,242×333,なし,,なし,値段変更の可能性ありのため非公開,240030055,登録済,売止,,,
2025/06/05 20:48:13,海島亜美,●自責,https://drive.google.com/open?id=1WsBKqu9tUuKoHEhuokggevnSbK66I5Is,"¥30,000",1/1,アクリル絵の具  キャンバス,2025,あり,333×242,なし,,なし,値段変更の可能性ありのため非公開,240030056,登録済,売止,,,
2025/06/05 20:49:55,海島亜美,●眠けりゃ寝ろ,https://drive.google.com/open?id=1QBqE208ydJCl6H4NqalceQAwd1phOBYi,"¥15,000",1/1,アクリル絵の具  キャンバス,2025,あり,180×140,なし,,なし,値段変更の可能性ありのため非公開,240030057,登録済,売止,,,
2025/06/05 20:57:05,海島亜美,生き続ける私へ,https://drive.google.com/open?id=1hZxAvh9ahO9uHAdVNGaHXnCnqZQTN-ko,"¥1,000,000",1/1,アクリル絵の具  キャンバス  制服  トルソー,2025,あり,910×1167,なし,,なし,,240030058,登録済,登録済,,,
2025/06/05 21:01:16,海島亜美,執着,https://drive.google.com/open?id=1Q7YFzFfUp9NZqZJPPYfnd7P8wCHYaYFQ,"¥30,000",1/1,アクリル絵の具  キャンバス,2025,あり,242×333,なし,,なし,,240030059,完売,完売,,,
2025/06/05 21:02:48,海島亜美,●期待,https://drive.google.com/open?id=1aeDz-6uwONMf_iryAwRmj5xiDSS26uls,"¥30,000",1/1,アクリル絵の具  キャンバス,2025,あり,333×242,なし,,なし,値段変更の可能性ありのため非公開,240030060,登録済,売止,,,
2025/06/05 21:13:14,海島亜美,●境界線,https://drive.google.com/open?id=15Rp_PSe2mP9pnaYabXJg4TUt-t-fq6TK,"¥30,000",1/1,アクリル絵の具  キャンバス,2025,あり,333×333,なし,,なし,値段変更の可能性ありのため非公開,240030061,登録済,売止,,,
2025/06/05 21:15:36,海島亜美,●切る、出る,https://drive.google.com/open?id=1PRd4pzD2Slq5DVPalm5QQtX3EbcEmfv_,"¥25,000",1/1,アクリル絵の具  キャンバス,2025,あり,273×220,なし,,なし,値段変更の可能性ありのため非公開,240030062,登録済,売止,,,
2025/06/19 15:01:02,大沼寛明,月を見る,https://drive.google.com/open?id=1Fv3IxXHf8WEE2nLpyqc4Af606VxhsAs1,"¥50,000",1/1,アクリル絵具、キャンバス,2025,あり,H410 x W320 x D20mm,なし,,なし,,240110046,完売,完売,,,
2025/07/11 14:18:30,やまさきえりな,無題のうーれい4,https://drive.google.com/open?id=1FfQRi2ntvQk0b2WP6RnXGEKB-dgiAKZj,"¥20,000",1/1,キャンバス、クレヨン、アクリル絵具,2025年,あり,H200 x W200 x D17ｍm,なし,,なし,,240120007,登録済,登録済,,,
2025/07/11 14:19:45,やまさきえりな,無題のうーれい5,https://drive.google.com/open?id=1Clno9maxIOPlGuLwezJwbn9S2Pgyf7jk,"¥20,000",1/1,キャンバス、クレヨン、アクリル絵具,2025年,あり,H200 x W200 x D17ｍm,なし,,なし,,240120008,登録済,登録済,,,
2025/07/11 14:21:50,やまさきえりな,無題のうーれい6,https://drive.google.com/open?id=1HoXGxliDt0k4J5NRY4ynBLyDhgc7DyP9,"¥20,000",1/1,キャンバス、クレヨン、アクリル絵具,2025年,あり,H200 x W200 x D17ｍm,なし,,なし,,240120009,完売,完売,,,
2025/07/11 14:23:07,やまさきえりな,無題のうーれい7,https://drive.google.com/open?id=1dCHaqmGHJYZcsKtRymnEPXRuSUDO35JW,"¥20,000",1/1,キャンバス、クレヨン、アクリル絵具,2025年,あり,H200 x W200 x D17ｍm,なし,,なし,,240120010,登録済,登録済,,,
2025/07/11 14:24:29,やまさきえりな,無題のうーれい8,https://drive.google.com/open?id=1OZjh9_LZdtdoZY4rtytetbPkuz1nzUyk,"¥20,000",1/1,キャンバス、クレヨン、アクリル絵具,2025年,あり,H200 x W200 x D17ｍm,なし,,なし,,240120011,登録済,登録済,,,
2025/07/21 13:47:23,宮本拓也,おりづるタワー被爆80年作品展示「黒い雨」(esp that of Hiroshima),https://drive.google.com/open?id=1j_AhSPeZZlaHMpmjOrAhsZPjDo0FTlPG,"¥19,800",16/16,アクリル絵具　キャンバス,2025,あり,180✖︎140,なし,,なし,,240020134,登録済,登録済,,,
2025/07/21 13:52:31,宮本拓也,おりづるタワー被爆80年作品展示「黒い雨の中から見える人影」(shadows visible through the black rain),https://drive.google.com/open?id=1GTKZzy8pqWkMgFJ01KKaM269FcHlPIA4,"¥165,000",1/1,アクリル絵具　キャンバス,2025,あり,F15 652✖︎530,なし,,なし,登録画像が「黒い雨」と同じ,240020135,登録済,未登録,,,
2025/07/21 14:01:20,宮本拓也,おりづるタワー被爆80年作品展示「平和に流れる川」(rivers flowing in peace),https://drive.google.com/open?id=1hNeFj0SIttUJTmthv43ob7olq50fjH5b,"¥22,000",1/1,アクリル絵具　キャンバス,2025,あり,SM0号　227✖︎158,なし,,なし,,240020136,完売,完売,,,
2025/07/21 14:05:36,宮本拓也,おりづるタワー被爆80年作品展示「過去の世界」(the world of the past),https://drive.google.com/open?id=1Ym91x_DIJqPetbhPu6c3VRZMWu1ZPbzY,"¥22,000",1/1,アクリル絵具　キャンバス,2025,あり,SM0号227✖︎158,なし,,なし,,240020137,登録済,登録済,,,
2025/07/21 14:08:44,宮本拓也,おりづるタワー被爆80年作品展示「現在の世界」(the present world),https://drive.google.com/open?id=1vVlSVhU9LCF5Ej9pd9y2uE8sPEKVdLwY,"¥22,000",1/1,アクリル絵具　キャンバス,2025,あり,SM0号227✖︎158,なし,,なし,,240020138,登録済,登録済,,,
2025/07/21 14:13:30,宮本拓也,おりづるタワー被爆80年作品展示「未来の世界」(the world of the future),https://drive.google.com/open?id=1Wwg0iK3h8q742I4qkGtx-SAZn0i0ygmY,"¥22,000",1/1,アクリル絵具　キャンバス,2025,あり,SM0号227✖︎158,なし,,なし,,240020139,完売,完売,,,
2025/07/21 14:52:11,宮本拓也,おりづるタワー被爆80年作品展示「被爆樹林の樹皮」(bark of a-bombed frees),https://drive.google.com/open?id=1TZN4xd-42MUAKTHqF2pFYwUvYSz5dycm,"¥88,000",3/3,アクリル絵具　キャンバス,2025,あり,WF4号666✖︎242,なし,,なし,"2026/01/22
重複登録のため非公開",240020140,登録済,売止,,,
2025/07/21 14:56:13,宮本拓也,おりづるタワー被爆80年作品展示「これから先に見える未来は平和なのか？」(ls there peace in the future that we can see anead),https://drive.google.com/open?id=1z423kaGKkzpF4QcktVfSEraNUkCyE92E,"¥88,000",1/1,アクリル絵具　キャンバス,2025,あり,WF4号666✖︎242,なし,,なし,,240020141,登録済,登録済,,,
2025/07/21 15:03:09,宮本拓也,おりづるタワー被爆80年作品展示「平和の花」(flower of peace),https://drive.google.com/open?id=1DOHi3sFh6DBR3D7C7wiqtlX0IzXyjY4F,"¥22,000",16/16,アクリル絵具　キャンバス,2025,あり,SM0号227✖︎158,なし,,なし,"2026/01/22
重複登録のため非公開",240020142,登録済,売止,,2/16 販売済,
2025/07/21 15:09:03,宮本拓也,おりづるタワー被爆80年作品展示(エノラ・ゲイから見た広がる原子爆弾の爆風」(the spreading blast of the atomic bomb from the perspective of enola gay),https://drive.google.com/open?id=1OpVXWdQwaUTXsI3VGkoURGD6jLH5UjlR,"¥88,000",3/3,アクリル絵具　キャンバス,2025,あり,F8号455✖︎380,なし,,なし,,240020143,登録済,登録済,,,
2025/07/24 16:14:54,宮本拓也,おりづるタワー被爆80年作品展示「8月6日の朝」(the morning of August6),https://drive.google.com/open?id=1ClmovSuQsUCdtQLpexs0bT0h5Dr_KPj4,"¥110,000",1/1,アクリル絵具　キャンバス,2025,あり,F10号 530✖︎455,なし,,なし,,240020144,登録済,登録済,,,
2025/07/24 16:35:20,宮本拓也,おりづるタワー被爆80年作品展示「被爆樹林の樹皮」(bark of A-bombed trees),https://drive.google.com/open?id=1vouO5H4CJ2cmKESa4oKsk17pLFtjN22_,"¥88,000",1/1,アクリル絵具　キャンバス,2025,あり,WF4号666✖︎242,なし,,なし,,240020145,登録済,登録済,,,
2025/07/24 16:40:00,宮本拓也,おりづるタワー被爆80年作品展示「被爆樹林の樹皮」(bark of A-bombed trees),https://drive.google.com/open?id=1n1dEqhfOD20JOsQz8JaNyu3wQXpXOzcr,"¥88,000",1/1,アクリル絵具　キャンバス,2025,あり,WF4号666✖︎242,なし,,なし,,240020146,登録済,登録済,,,
2025/07/24 16:45:04,宮本拓也,おりづるタワー被爆80年作品展示「被爆樹林の樹皮」(bark of A-bombed trees),https://drive.google.com/open?id=1QTOALRPLk08fJlSezObmlYBu4rkXwu9g,"¥88,000",1/1,アクリル絵具　キャンバス,2025,あり,WF4号666✖︎242,なし,,なし,,240020147,登録済,登録済,,,
2025/07/24 16:50:25,宮本拓也,おりづるタワー被爆80年作品展示「エノラ・ゲイからみた広がる原子爆弾の爆風」(the spreading blast of the atomic bomb from the perspective of enola gay),https://drive.google.com/open?id=1J0hQ-sRtPYe15x3LZWQzZX3JPA1MrrhR,"¥88,000",1/1,アクリル絵具　キャンバス,2025,あり,F8号455✖︎388,なし,,なし,,240020148,完売,完売,,,
2025/07/24 16:56:47,宮本拓也,おりづるタワー被爆80年作品展示「エノラ・ゲイからみた広がる原子爆弾の爆風」(the spreading blast of the atomic bomb from the perspective of enola gay),https://drive.google.com/open?id=1rnhyb0DS2mPakhf2JssWoQE2vNlHuLwC,"¥88,000",1/1,アクリル絵具　キャンバス,2028,あり,F8号455✖︎388,なし,,なし,,240020149,登録済,登録済,,,
2025/07/24 17:09:32,宮本拓也,おりづるタワー被爆80年作品展示「平和の花」(Flower of peace),https://drive.google.com/open?id=1yP9z9CGi0dtgzCfSlh0dfWUNwNFJosoR,"¥22,000",1/1,アクリル絵具　キャンバス,2025,あり,SM0号227✖︎158,なし,,なし,,240020150,完売,完売,,,
2025/07/24 17:13:09,宮本拓也,おりづるタワー被爆80年作品展示「平和の花」(Flower of peace),https://drive.google.com/open?id=1ytQb-n3GzAuIMErcT0u_-KcnPDNmWx_1,"¥22,000",1/1,アクリル絵具　キャンバス,2025,あり,SM0号227✖︎158,なし,,なし,,240020151,完売,完売,,,
2025/07/24 17:14:48,宮本拓也,おりづるタワー被爆80年作品展示「平和の花」(Flower of peace),https://drive.google.com/open?id=1yAIdrwGUufIGktNrj0MspxUo60_FvJ5H,"¥22,000",1/1,アクリル絵具　キャンバス,2025,あり,SM0号227✖︎158,なし,,なし,,240020152,完売,完売,,,
2025/07/24 17:16:32,宮本拓也,おりづるタワー被爆80年作品展示「平和の花」(Flower of peace),https://drive.google.com/open?id=1ycSoECa9Qj-xLdWGRM9LdRKu_YHlUEgp,"¥22,000",1/1,アクリル絵具　キャンバス,2025,あり,SM0号227✖︎158,なし,,なし,,240020153,完売,完売,,,
2025/07/24 17:19:00,宮本拓也,おりづるタワー被爆80年作品展示「平和の花」(Flower of peace) ,https://drive.google.com/open?id=1EgeU4X_rlEte5phVZX9srdF1HGUR4jr4,"¥22,000",1/1,アクリル絵具　キャンバス,2025,あり,SM0号227✖︎158,なし,,なし,,240020154,完売,完売,,,
2025/07/24 17:20:49,宮本拓也,おりづるタワー被爆80年作品展示「平和の花」(Flower of peace) ,https://drive.google.com/open?id=1ttvxiK1ddhv3zjWJMRaNzT5fP6zt2drX,"¥22,000",1/1,アクリル絵具　キャンバス,2025,あり,SM0号227✖︎158,なし,,なし,,240020155,完売,完売,,,
2025/07/24 17:22:24,宮本拓也,おりづるタワー被爆80年作品展示「平和の花」(Flower of peace) ,https://drive.google.com/open?id=11od4pYP3FnXzQmkLxsyByiPKMusj-wY7,"¥22,000",1/1,アクリル絵具　キャンバス,2025,あり,SM0号227✖︎158,なし,,なし,,240020156,完売,完売,,,
2025/07/24 17:24:13,宮本拓也,おりづるタワー被爆80年作品展示「平和の花」(Flower of peace) ,https://drive.google.com/open?id=12qNRBbCDfR3Zia42Q4JkFwiAGZEFmC6y,"¥22,000",1/1,アクリル絵具　キャンバス,2025,あり,SM0号227✖︎158,なし,,なし,,240020157,完売,完売,,,
2025/07/24 17:26:49,宮本拓也,おりづるタワー被爆80年作品展示「平和の花」(Flower of peace) ,https://drive.google.com/open?id=19GUSp6VI-WJqoj-AXXWWbN5murTLdzl6,"¥22,000",1/1,アクリル絵具　キャンバス,2025,あり,SM0号227✖︎158,なし,,なし,,240020158,完売,完売,,,
2025/07/24 17:28:52,宮本拓也,おりづるタワー被爆80年作品展示「平和の花」(Flower of peace) ,https://drive.google.com/open?id=1RY59ZxDaE4HIRbnPk9ZuU89mihStPe-0,"¥22,000",1/1,アクリル絵具　キャンバス,2025,あり,SM0号227✖︎158,なし,,なし,,240020159,完売,完売,,,
2025/07/24 17:30:38,宮本拓也,おりづるタワー被爆80年作品展示「平和の花」(Flower of peace) ,https://drive.google.com/open?id=14h3c7VGguaxI8YXjdy4SH8GRfpRuu7pA,"¥22,000",1/1,アクリル絵具　キャンバス,2025,あり,SM0号227✖︎158,なし,,なし,,240020160,完売,完売,,,
2025/07/24 17:32:32,宮本拓也,おりづるタワー被爆80年作品展示「平和の花」(Flower of peace) ,https://drive.google.com/open?id=13pxbvCH49e9VnuyFlCQyuRISzzRImF4I,"¥22,000",1/1,アクリル絵具　キャンバス,2025,あり,SM0号227✖︎158,なし,,なし,,240020161,完売,完売,,,
2025/07/24 17:38:00,宮本拓也,おりづるタワー被爆80年作品展示「平和の花」(Flower of peace) ,https://drive.google.com/open?id=1pzkW22tsdNipinxBQP7ljfYxLXw1w7Yg,"¥22,000",1/1,アクリル絵具　キャンバス,2025,あり,SM0号227✖︎158,なし,,なし,,240020162,完売,完売,,,
2025/07/24 17:39:41,宮本拓也,おりづるタワー被爆80年作品展示「平和の花」(Flower of peace) ,https://drive.google.com/open?id=1WJHq1Yyi2pX8ummuw6qfiJC9EWNU2vLX,"¥22,000",1/1,アクリル絵具　キャンバス,2025,あり,SM0号227✖︎158,なし,,なし,,240020163,完売,完売,,,
2025/07/24 17:41:18,宮本拓也,おりづるタワー被爆80年作品展示「平和の花」(Flower of peace) ,https://drive.google.com/open?id=1dQOimuNBadFTx5cWBegh8HFTEkfIv5EU,"¥22,000",1/1,アクリル絵具　キャンバス,2025,あり,SM0号227✖︎158,なし,,なし,,240020164,完売,完売,,,
2025/07/24 17:42:50,宮本拓也,おりづるタワー被爆80年作品展示「平和の花」(Flower of peace) ,https://drive.google.com/open?id=15ftsSJ1ZOenae5f139yLttklO2la7D1P,"¥22,000",1/1,アクリル絵具　キャンバス,2025,あり,SM0号227✖︎158,なし,,なし,,240020165,完売,完売,,,
2025/07/24 18:33:10,宮本拓也,おりづるタワー被爆80年作品展示「エノラ・ゲイからみた広がる原子爆弾の爆風」(the spreading blast of the atomic bomb from the perspective of enola gay),https://drive.google.com/open?id=14X5c7QEHMIzdZgp_EzrVOO7ENmgnVpKz,"¥88,000",1/1,アクリル絵具　キャンバス,2025,あり,F8号455✖︎388,なし,,なし,,240020166,登録済,登録済,,,
2025/07/26 10:45:40,宮本拓也,おりづるタワー被爆80年作品展示「広島/ヒロシマ」(HIROSHIMA),https://drive.google.com/open?id=1UWGs7u8pRp4uDyFB9J30mjjC9T_bRZJ7,"¥110,000",1/1,アクリル絵具　キャンバス,2025,あり,F10号530✖︎455,なし,,なし,,240020167,登録済,登録済,,,
2025/07/31 10:06:13,宮本拓也,おりづるタワー被爆80年作品展示「命の大切を大地と自然で表現する」Expressing the importance of life in the earth and nature,https://drive.google.com/open?id=1TbkHANGk6aPp5K98o_ObOTyANYzYncYT,"¥110,000",1/1,アクリル絵具　キャンバス,2025,あり,F10号530✖︎455,なし,,なし,,240020168,登録済,登録済,,,
2025/07/31 10:10:21,宮本拓也,「原爆ドームから見上げる空」The sky looking up from the A-bomb Dome,https://drive.google.com/open?id=11QKCrQyfCRl6Kf3ZotFbP8JIje4YRlH3,"¥110,000",1/1,アクリル絵具　キャンバス,2025,あり,F10号530✖︎455,なし,,なし,,240020169,登録済,登録済,,,
2025/08/15 16:23:11,SASAKI Ayaka,オーダー作品,https://drive.google.com/open?id=1_sArzqJOvHb9Ulm1oRd3bkmwLyB5QiQP,"¥33,000",1/1,アクリル絵の具、キャンバス,2025ねん,あり,H230×W160×D20,なし,,なし,,250030011,完売,完売,,,
2025/08/25 18:40:53,加藤陽雨,服(鷲刺繍),https://drive.google.com/open?id=1qQfHEamkFbTBpkCSUfsLBjJnIuhfzDLj,"¥14,000",1/1,古着　シルクスクリーン,2025,なし,0,なし,free,なし,,240100009,登録済,登録済,,,
2025/08/25 19:30:41,加藤陽雨,服(鷹刺繍),https://drive.google.com/open?id=1q-V6azhKEX4oFkPFx27r_ZyCzc-1NEZt,"¥14,000",1/1,古着　シルクスクリーン　アクセサリーパーツ,2025,なし,free,なし,free,なし,,,未登録,未登録,,,
2025/08/25 19:32:47,加藤陽雨,服(紫ハイネック),https://drive.google.com/open?id=1iX2GfLU8tGwtlPbs_srcvNgUa5jpT3tG,"¥6,600",1/1,古着　シルクスクリーン　アクセサリーバッヂ,2025,なし,free,なし,free,なし,,240100010,登録済,登録済,,,
2025/08/25 19:36:30,加藤陽雨,服,https://drive.google.com/open?id=1yMWBbk3xky4ccwuFMJghDQJIwXVOmX66,"¥6,000",1/1,古着　シルクスクリーン　アクセサリーパーツ,2025,なし,free,なし,free,なし,,240100011,登録済,登録済,,,
2025/08/25 19:38:06,加藤陽雨,服(紫ロンT),https://drive.google.com/open?id=13vpvo_sMUZ6Ab0hrzr8kXx1AzeifP_IO,"¥6,600",1/1,古着　アクセサリーパーツ　リボン刺繍,2025,なし,free,なし,free,なし,,240100012,登録済,登録済,,,
2025/08/25 19:39:29,加藤陽雨,服(赤ロンT),https://drive.google.com/open?id=1h_HAKSuM1mhtadj7zFGiL0nky2DqZ6fR,"¥6,000",1/1,古着　シルクスクリーン,2025,なし,free,なし,free,なし,,240100013,完売,完売,,,
2025/08/25 19:43:04,加藤陽雨,服(デニムアウター),https://drive.google.com/open?id=1lBAvXYLrk62jhCDw6kdUY86vZBoTB5RJ,"¥17,000",1/1,古着 シルクスクリーン,2025,なし,free,なし,free,なし,バックプリント,240100014,完売,完売,,,
2025/08/25 19:46:07,加藤陽雨,服(半袖Tシャツ),https://drive.google.com/open?id=1KUggjyZ9QH66wtDJb8cFWJSa7y4FBuGc,"¥5,500",1/1,古着　シルクスクリーン,2025,なし,free,なし,free,なし,バックプリント,240100015,登録済,登録済,,,
2025/08/26 19:54:15,加藤陽雨,服(ピンク刺繍),https://drive.google.com/open?id=1-as72qzHYEeoP3rp2wOQUwBBfbctEPsV,"¥6,600",1/1,古着　ビーズ　リボン,2025,なし,free,なし,free,なし,,240100016,登録済,登録済,,,
2025/08/26 19:55:22,加藤陽雨,服(黒ロンT),https://drive.google.com/open?id=1673bMRGBacWvEOU4S063coEveHhGocmH,"¥6,000",1/1,古着　シルクスクリーン,2025,なし,free,なし,free,なし,,240100017,登録済,登録済,,,
2025/08/26 19:58:12,加藤陽雨,服(黒ジャケット),https://drive.google.com/open?id=1COXsR-QL-4IFK7xoDL6fqco7javlLwAW,"¥15,000",1/1,古着　シルクスクリーン,2025,なし,free,なし,free,なし,バックプリント,240100018,完売,完売,,,
2025/09/11 17:21:16,大沼寛明,幸運のゾウさんシリーズ小,https://drive.google.com/open?id=1o_u6helHNpVZ66KiDxEe4lH31bXS2Kw2,"¥8,800",1/1,アクリル絵具、キャンバス,2025,あり,H227xW158xD20mm,あり,,なし,,240110047,完売,完売,,2/1 販売済,
2025/09/11 17:25:02,大沼寛明,幸運のゾウさんシリーズ小,https://drive.google.com/open?id=1gVkhvph0zx2zgLs5aHrTPeO06rOZ5oSQ,"¥8,888",1/1,アクリル絵具、キャンバス,2025,あり,H227xW158xD20mm,なし,,なし,"この幸運のゾウさんシリーズ小の値段は全部小さい数字を888円でやろうと思います。もし8,800円に他の絵の値段の申請をしていたら変更よろしくお願いします。",240110048,完売,完売,,,
2025/09/11 17:26:52,大沼寛明,幸運のゾウさんシリーズ中,https://drive.google.com/open?id=1TxA6lgsqjj5zd0rgtmiWrl5pVSh_fsnP,"¥18,888",1/1,アクリル絵具、キャンバス,2025,あり,H410XW318x D20mm,なし,,なし,,240110049,完売,完売,,,
2025/09/17 13:53:55,三桝正典,Child Smile Flower 1,https://drive.google.com/open?id=1Xrn1JOERc9f3O09BpQ13EmJhL0Luz5Uv,"¥90,000",1/1,アクリル絵具　箔,2025,あり,H330×W330,なし,,なし,,240060021,登録済,登録済,,,
2025/09/17 13:56:21,三桝正典,Child Smile Flower 2,https://drive.google.com/open?id=1HFn82as2wj1AoFBywj7FmSOJx7FD5no6,"¥90,000",1/1,アクリル絵具　箔,2025,あり,H330×W330,なし,,なし,,240060022,登録済,登録済,,,
2025/09/18 9:44:20,井上朝美,らうらうじ,https://drive.google.com/open?id=1nexOTIyWOdRAeGTwJyRjT36DymAmmk8F,"¥50,000",1/1,岩絵具、アクリル絵の具、木製パネル,2013,あり,H227×W227×D20（mm）,なし,,なし,,250050001,登録済,登録済,,,
2025/09/18 9:46:25,井上朝美,らうらうじ,https://drive.google.com/open?id=1dLXce0AuZrzGBduVgoL7dYUuk7VYyscm,"¥50,000",1/1,岩絵具、アクリル絵の具、木製パネル,2013,なし,H227×W227×D20（mm）,なし,,なし,,250050002,登録済,登録済,,,
2025/09/18 9:48:03,井上朝美,らうらうじ,https://drive.google.com/open?id=1GBq7GU2wvyomG44tCCVJv0maB2Ze4vg0,"¥50,000",1/1,岩絵具、アクリル絵の具、木製パネル,2013,あり,H227×W227×D20（mm）,なし,,なし,,250050003,登録済,登録済,,,
2025/09/19 11:35:59,三桝正典,poesies,https://drive.google.com/open?id=11JhqfP9hI8xblVr8FjdP1DT1jzoExvRh,"¥30,000",1/1,アクリル絵具　箔,2025,あり,H225×W160,なし,,なし,,240060023,登録済,登録済,,,
2025/09/19 12:40:19,岡本祐季,蓮は夜に夢を見る（The lotus dreams at night ),https://drive.google.com/open?id=1duk-6r2BK1l66-IT33Xgpu6xLpgzNhzY,"¥550,000",1/1,鉄,2024,なし,H1220 × W300 × D300,なし,,なし,鉄製品です。水分で錆びます。　宮島の大聖院さまにお納めしている蓮の燭台のシリーズ品です。,250010007,登録済,登録済,,,
2025/09/19 12:45:40,岡本祐季,地脈1 (vein of ground),https://drive.google.com/open?id=1USy_iKTTLp8SVa5WhfArKNM3gK5Qc8F6,"¥330,000",1/1,鉄、アクリル絵の具,2025,なし,H292 × W435 × D62,なし,,あり,鉄を焼き、叩き出して浮き上がった鉄の層。普段は見ることのできない世界を映し出したいと表現しました。立体の壁面オブジェとなります。,250010008,登録済,登録済,,,
2025/09/19 13:43:07,岡本祐季,地脈1 (vein of ground),https://drive.google.com/open?id=15baxJw-Lzj41ucYoVusZpQimBUHJ6Cfx,"¥330,000",1/1,鉄、アクリル絵の具,2025,なし,H292 × W435 × D62,なし,,あり,重複登録のため売り止め。鉄を炉で真っ赤に焼きハンマーで叩き造形した後に装飾を施した作品です。     炉で真っ赤に焼いている鉄は地球のマグマに呼応して地球の息吹を感じるように表情を変えていきます。 叩いて行くと、鉄の表面が火花と共に層がハラハラと飛び散ります。 地中深くから採掘された鉄鉱石や砂鉄から製鉄され何層もの層で今手元で叩いている鉄が作られているのを感じることができる一瞬でもあります。  その鉄が冷めた時、自然にできている鉄の色のグラデーションが鉄鉱石や砂鉄の色から出てきています。  作品は地中深くにある地脈を感じると共に、普段見られることのない色の層を表現したく作り上げています。,,売止,売止,,,
2025/09/19 13:47:24,岡本祐季,地脈2 (vein of ground),https://drive.google.com/open?id=1qVqHzglwjHr2Ze8l1d1nlcx-8I9KJzsb,"¥132,000",1/1,鉄、アクリル絵の具,2025,なし,H150 × W420 × D29,なし,,あり,鉄を炉で真っ赤に焼きハンマーで叩き造形した後に装飾を施した作品です。     炉で真っ赤に焼いている鉄は地球のマグマに呼応して地球の息吹を感じるように表情を変えていきます。 叩いて行くと、鉄の表面が火花と共に層がハラハラと飛び散ります。 地中深くから採掘された鉄鉱石や砂鉄から製鉄され何層もの層で今手元で叩いている鉄が作られているのを感じることができる一瞬でもあります。  その鉄が冷めた時、自然にできている鉄の色のグラデーションが鉄鉱石や砂鉄の色から出てきています。  作品は地中深くにある地脈を感じると共に、普段見られることのない色の層を表現したく作り上げています。,250010009,登録済,登録済,,,
2025/09/19 14:30:10,浅野堅一,hands,https://drive.google.com/open?id=1v9Bd0GXbsWL74frq7ay5l40DQgu5XjKc,"¥220,000",1/3,インクジェットプリント　アルミ合板,2015,あり,760×1300×4,なし,760×1300×4,なし,,240070026,登録済,登録済,,,
2025/09/19 14:38:59,浅野堅一,Face #0,https://drive.google.com/open?id=1_LTMn4lMo8b1lvpJKu_KYdKu7sIu4fNp,"¥55,000",1/10,インクジェットプリント,2025,あり,400×500,あり,42×52×3,なし,,240070027,登録済,登録済,,,
2025/09/19 17:00:00,楽鬼,●漆喰　和紙,https://drive.google.com/open?id=1ZYPvZExLDV0htC45xU1u2mKmY-9KcLym,"¥35,000",1/2,,,,,,,,2025/09/19 グッズ⇒作品に変更,250040015,登録済,売止,,1/2 販売済,
2025/09/19 17:00:00,楽鬼,●竹,https://drive.google.com/open?id=1ri84jp23hJy3pySdC8yGPRCF_BU2tEW-,"¥17,000",1/1,,,,,,,,2025/09/19 グッズ⇒作品に変更,250040016,登録済,売止,,,
2025/09/21 12:06:20,大沼寛明,幸運のゾウさんシリーズ小,https://drive.google.com/open?id=1v9RMIsYlVMzney4JY3f6U2NftMu7X8_Y,"¥8,888",1/1,アクリル絵具、キャンバス,2025,あり,H227xW158xD20mm,なし,,なし,,240110050,完売,完売,,,
2025/09/21 12:10:55,大沼寛明,幸運のゾウさんシリーズ小,https://drive.google.com/open?id=1Ao5zMS5AKyh3bqMLky6vBktcyYF3kcCY,"¥8,888",1/1,アクリル絵具、キャンバス,2025,あり,H227xW158xD20mm,なし,,なし,,240110051,完売,完売,,,
2025/09/21 12:12:35,大沼寛明,幸運のゾウさんシリーズ小,https://drive.google.com/open?id=1kuDJ8QyJOd2aFhWr4_n1NniLo6g24e6_,"¥8,888",1/1,アクリル絵具、キャンバス,2025,なし,H227xW158xD20mm,なし,,なし,2025/09/26 間違えて「240110047」で会計してしまったため,240110052,売止,売止,,,
2025/09/21 12:16:15,大沼寛明,●幸運のゾウさんシリーズ小,https://drive.google.com/open?id=1vQ7NIf05IiVOnrJLowbFU8gPm2Yts4fb,"¥8,888",1/1,アクリル絵具、キャンバス,2025,あり,H227xW158xD20mm,なし,,なし,値段変更の可能性ありで非公開,240110053,登録済,売止,,,
2025/09/21 12:18:10,大沼寛明,幸運のゾウさんシリーズ小,https://drive.google.com/open?id=1Vfpb_c1MuuNvSIVyx1V5daUFNr-IQ32g,"¥8,888",1/1,アクリル絵具、キャンバス,2025,あり,H227xW158xD20mm,なし,,なし,,240110054,完売,完売,,,
2025/09/21 12:20:33,大沼寛明,幸運のゾウさんシリーズ小,https://drive.google.com/open?id=1vTCnw57frWZGW8zbkimxngCJGIutgF5G,"¥8,888",1/1,アクリル絵具、キャンバス,2025,あり,H227xW158xD20mm,なし,,なし,,240110055,完売,完売,,,
2025/09/21 12:22:24,大沼寛明,●幸運のゾウさんシリーズ小,https://drive.google.com/open?id=1sxHIRVq20nnTaVDnI4KxT_6srzwS0mqG,"¥8,888",1/1,アクリル絵具、キャンバス,2025,あり,H227xW158xD20mm,なし,,なし,価格変更の可能性ありで非公開,240110056,完売,売止,,,
2025/09/25 11:25:01,井上朝美,My Terrarium World -arctic circle-,https://drive.google.com/open?id=1Ot5agJmFkx3eKa2Vt89IKf6uL0ZuI_Ra,"¥60,000",1/1,水彩絵の具、顔彩、アルシュ紙,2025年,なし,H310xW230mm,あり,H378xW287xD25 mm,なし,,250050004,完売,完売,,,
2025/09/25 11:27:49,井上朝美,My Terrarium World -rainforest-,https://drive.google.com/open?id=1_46eTQrJ0jm5fJgos0K4mj22leAxatGR,"¥50,000",1/1,水彩絵の具、顔彩、アルシュ紙,2025年,なし,H230xW310 mm,あり,H287xW378xD25 mm,なし,,250050005,登録済,登録済,,,
2025/09/25 11:31:35,井上朝美,My Terrarium World -Great Barrier Reef-,https://drive.google.com/open?id=1ANLUOMn44gaMihy4aCnbDU2gbcCQ-RIh,"¥70,000",1/1,水彩絵の具、顔彩、アルシュ紙,2025年,なし,H230xW310 mm,あり,H287xW378xD25 mm,なし,,250050006,完売,完売,,,
2025/09/25 11:34:14,井上朝美,My Terrarium World -English Garden-,https://drive.google.com/open?id=1caB728eOOtsssT0ylQ3guiN8o5rAUlmN,"¥60,000",1/1,水彩絵の具、顔彩、アルシュ紙,2025年,なし,H310xW230 mm,あり,H378x287xD25 mm,なし,,250050007,完売,完売,,,
2025/09/26 11:27:21,大沼寛明,オーダー作品1,https://drive.google.com/open?id=1mmm_TcI3p6aLO6mdSv57RJi_AzZjWxYi,"¥50,000",1/1,アクリル絵具、キャンバス,2025,あり,H530×W455xD20mm,なし,,なし,,240110057,完売,完売,,,
2025/09/26 11:28:25,大沼寛明,オーダー作品2,https://drive.google.com/open?id=1OXZROpeNoDv4dpLtOhgcR977UmJFMv8_,"¥50,000",1/1,アクリル絵具、キャンバス,2025,あり,H530×W455xD20mm,なし,,なし,,240110058,完売,完売,,,
2025/09/26 20:11:13,楽鬼,金魚　KINGYO,https://drive.google.com/open?id=1IlG05xalbTyK89uoOm-mTAfMdJmkDRdO,"¥17,000",1/1,顔彩　画用紙,2025,あり,h180×w100×d50,あり,h180×w100×d50,なし,,250040017,完売,完売,,,
2025/10/03 22:10:30,宮本拓也,⚫️鬼の手が持つ花,https://drive.google.com/open?id=169ReqAetRq_7eg8XilFk99Mfr4F1eZj1,"¥36,500",1/1,アクリル絵具、キャンバス,2023,あり,M6号410✖︎242,なし,,なし,価格変更の可能性ありで非公開,240020170,登録済,売止,,,
2025/10/03 22:12:47,宮本拓也,⚫️鬼の向こうの先,https://drive.google.com/open?id=1svyhcPq7Tych76sUN2r8NVV4ktB1k-U6,"¥36,500",1/1,アクリル絵具、キャンバス,2023,あり,M6号410✖︎242,なし,,なし,価格変更の可能性ありで非公開,240020171,登録済,売止,,,
2025/10/03 22:14:51,宮本拓也,⚫️L叫び,https://drive.google.com/open?id=1W1iBzxafY5a9uhO6GTlKthrguIvYEnRS,"¥26,500",1/1,アクリル絵具、キャンバス,2023,あり,F3号273✖︎220,なし,,なし,価格変更の可能性ありで非公開,240020172,登録済,売止,,,
2025/10/03 22:16:43,宮本拓也,⚫️L叫び,https://drive.google.com/open?id=17nB4AzYaVegHrbWcFW6DgBp-Yp1QbfsL,"¥26,500",1/1,アクリル絵具、キャンバス,2023,あり,F3号273✖︎220,なし,,なし,「240020172」にまとめる,,未登録,未登録,,,
2025/10/03 22:19:12,宮本拓也,⚫️L叫び,https://drive.google.com/open?id=1hbz1XTU94hb8yXFhXDyjxJ9xj-V4C_bg,"¥26,500",1/1,アクリル絵具、キャンバス,2023,あり,F3号273✖︎220,なし,,なし,「240020172」にまとめる,,未登録,未登録,,,
2025/10/03 22:21:19,宮本拓也,⚫️L叫び,https://drive.google.com/open?id=14zj9otT39tA_9P33bwShACkO2UTGZusl,"¥26,500",1/1,アクリル絵具、キャンバス,2023,あり,F3号273✖︎220,なし,,なし,「240020172」にまとめる,,未登録,未登録,,,
2025/10/03 22:23:43,宮本拓也,⚫️少女,https://drive.google.com/open?id=16IkpKJQRVQC7hX5F8R8l00WAL0We6-Tx,"¥26,500",1/1,アクリル絵具、キャンバス,2023,あり,F3号273✖︎220,なし,,なし,価格変更の可能性ありで非公開,240020173,登録済,売止,,,
2025/10/03 22:25:35,宮本拓也,⚫️円上,https://drive.google.com/open?id=1kmt1rENXgiYsgPMqtKKPxRbZRLNtPKnl,"¥26,500",1/1,アクリル絵具、キャンバス,2023,あり,F3号273✖︎220,なし,,なし,価格変更の可能性ありで非公開,240020174,登録済,売止,,,
2025/10/03 22:28:23,宮本拓也,⚫️絵の具ボーイ,https://drive.google.com/open?id=1Xqw-NuVOR3M64_RGaGUga3mz2V31lZvN,"¥26,500",1/1,アクリル絵具、キャンバス,2023,あり,F3号273✖︎220,なし,,なし,価格変更の可能性ありで非公開,240020175,登録済,売止,,,
2025/10/03 22:30:26,宮本拓也,⚫️M個性と才能,https://drive.google.com/open?id=1UMtXm25V76p_YpMJGvherJAiqiKDLRxz,"¥33,000",1/1,アクリル絵具、キャンバス,2024,あり,F3号273✖︎220,なし,,なし,価格変更の可能性ありで非公開,240020176,登録済,売止,,,
2025/10/03 22:32:15,宮本拓也,⚫️M個性と才能,https://drive.google.com/open?id=1pRPXbjbFW9OX3CkdoY2uez7QfnzPnOdC,"¥33,000",1/1,アクリル絵具、キャンバス,2024,あり,F3号273✖︎220,なし,,なし,「240020176」にまとめる,,登録済,,,,
2025/10/03 22:34:03,宮本拓也,⚫️M個性と才能,https://drive.google.com/open?id=1pR2kDBSN3GuSMNH-f69xIos6qGlqIub2,"¥33,000",1/1,アクリル絵具、キャンバス,2024,あり,F3号273✖︎220,なし,,なし,「240020176」にまとめる,,登録済,,,,
2025/10/03 22:35:32,宮本拓也,⚫️M個性と才能,https://drive.google.com/open?id=1y4khv56-CMWFTQWU0wGZJITGsuSCfhuj,"¥33,000",1/1,アクリル絵具、キャンバス,2024,あり,F3号273✖︎220,なし,,なし,「240020176」にまとめる,,登録済,,,,
2025/10/03 22:37:11,宮本拓也,⚫️M個性と才能,https://drive.google.com/open?id=1pkh7RStZWyyzSsL00wjuVpOfXxfxfHVn,"¥33,000",1/1,アクリル絵具、キャンバス,2024,あり,F3号273✖︎220,なし,,なし,「240020176」にまとめる,,登録済,,,,
2025/10/03 22:39:04,宮本拓也,⚫️M個性と才能,https://drive.google.com/open?id=16tlgQLXYqJWZu18wg21xJ1co9W3TPPJH,"¥33,000",1/1,アクリル絵具、キャンバス,2024,あり,F3号273✖︎220,なし,,なし,「240020176」にまとめる,,登録済,,,,
2025/10/03 22:49:03,宮本拓也,⚫️冬,https://drive.google.com/open?id=1fXTBztpcz65_rPnL_j6OlpvZu3eRiYYZ,"¥49,800",1/1,アクリル絵具、キャンバス,2025,あり,WF4号666✖︎242,なし,,なし,価格変更の可能性ありで非公開,240020177,登録済,売止,,,
2025/10/03 22:50:41,宮本拓也,⚫️秋,https://drive.google.com/open?id=1S5sFrN9oFR0Za8tdj7noS_Vg0BPzttGE,"¥49,800",1/1,アクリル絵具、キャンバス,2025,あり,WF4号666✖︎242,なし,,なし,価格変更の可能性ありで非公開,240020178,登録済,売止,,,
2025/10/03 22:53:18,宮本拓也,⚫️夏,https://drive.google.com/open?id=1J9JAyHqRu7XRzyd9DfVcUM5FnLnlVQea,"¥49,800",1/1,アクリル絵具、キャンバス,2025,あり,WF4号666✖︎242,なし,,なし,価格変更の可能性ありで非公開,240020179,登録済,売止,,,
2025/10/03 22:55:06,宮本拓也,⚫️春,https://drive.google.com/open?id=1X2Y-eOEHoHhvW3DiMlfz81oGIn0fd2NI,"¥49,800",1/1,アクリル絵具、キャンバス,2025,あり,WF4号666✖︎242,なし,,なし,価格変更の可能性ありで非公開,240020180,登録済,売止,,,
2025/10/03 22:58:25,宮本拓也,⚫️N陶芸,https://drive.google.com/open?id=1V4uNcrdT8J3wybgZtBdKSU7OX29Kea1M,"¥19,800",1/1,アクリル絵具、キャンバス,2025,あり,F0号180✖︎140,なし,,なし,価格変更の可能性ありで非公開,240020181,登録済,売止,,1/20 販売済,
2025/10/03 23:00:12,宮本拓也,⚫️N陶芸,https://drive.google.com/open?id=13FlaT-Y2cDdOyweFDCode2WeLhZV-GV4,"¥19,800",1/1,アクリル絵具、キャンバス,2025,あり,F0号180✖︎140,なし,,なし,「240020181」にまとめる,,登録済,,,,
2025/10/03 23:01:42,宮本拓也,⚫️N陶芸,https://drive.google.com/open?id=1GfNdsrqNHOLeahGG784WXeabs6Dk5Pxz,"¥19,800",1/1,アクリル絵具、キャンバス,2025,あり,F0号180✖︎140,なし,,なし,「240020181」にまとめる,,登録済,,,,
2025/10/03 23:03:20,宮本拓也,⚫️N陶芸,https://drive.google.com/open?id=10AMLZjkuyFtwebgLa-57kSnvgKf7Hcuw,"¥19,800",1/1,アクリル絵具、キャンバス,2025,あり,F0号180✖︎140,なし,,なし,「240020181」にまとめる,,登録済,,,,
2025/10/03 23:04:57,宮本拓也,⚫️N陶芸,https://drive.google.com/open?id=1lW1sy4aK9hpuTZeBGDkv0m_fFE12dP02,"¥19,800",1/1,アクリル絵具、キャンバス,2025,あり,F0号180✖︎140,なし,,なし,「240020181」にまとめる,,登録済,,,,
2025/10/03 23:07:52,宮本拓也,⚫️N陶芸,https://drive.google.com/open?id=1r3eLIHiX_4YHgsXTMwbUZWq_xqIdXZ_3,"¥19,800",1/1,アクリル絵具、キャンバス,2025,あり,F0号180✖︎140,なし,,なし,「240020181」にまとめる,,登録済,,,,
2025/10/03 23:09:29,宮本拓也,⚫️N陶芸,https://drive.google.com/open?id=1L20xJ_tek5QJe0DzzaJMmBWdsdUOoYnL,"¥19,800",1/1,アクリル絵具、キャンバス,2025,あり,F0号180✖︎140,なし,,なし,「240020181」にまとめる,,登録済,,,,
2025/10/03 23:11:13,宮本拓也,⚫️N陶芸,https://drive.google.com/open?id=1cbjMTbH2ixPlKvHe6x4403w-V-XFTG4z,"¥19,800",1/1,アクリル絵具、キャンバス,2025,あり,F0号180✖︎140,なし,,なし,「240020181」にまとめる,,登録済,,,,
2025/10/03 23:12:48,宮本拓也,⚫️N陶芸,https://drive.google.com/open?id=1FBQ_PheZQMKlzFWCZFZdDvF7E72nAjfs,"¥19,800",1/1,アクリル絵具、キャンバス,2025,あり,F0号180✖︎140,なし,,なし,「240020181」にまとめる,,登録済,,,,
2025/10/03 23:14:11,宮本拓也,⚫️N陶芸,https://drive.google.com/open?id=1bsYYt94uwnc4xogtzX8z26DYq2EVf6rV,"¥19,800",1/1,アクリル絵具、キャンバス,2025,あり,F0号180✖︎140,なし,,なし,「240020181」にまとめる,,登録済,,,,
2025/10/03 23:15:48,宮本拓也,⚫️N陶芸,https://drive.google.com/open?id=14VYae3F9uBYsYSD_lpATKVkOMD9BQlxU,"¥19,800",1/1,アクリル絵具、キャンバス,2025,あり,F0号180✖︎140,なし,,なし,「240020181」にまとめる,,登録済,,,,
2025/10/03 23:18:28,宮本拓也,⚫️風景,https://drive.google.com/open?id=1vzHu2qawJcJUrbLIqyH-X_wGd3F9fdTD,"¥36,500",1/1,アクリル絵具、キャンバス,2025,あり,F6号410✖︎318,なし,,なし,価格変更の可能性ありで非公開,240020182,登録済,売止,,,
2025/10/03 23:19:58,宮本拓也,⚫️N陶芸,https://drive.google.com/open?id=1J25JZDAAU49TbCpm28TBJb3Yad33F9_3,"¥19,800",1/1,アクリル絵具、キャンバス,2025,あり,F0号180✖︎140,なし,,なし,「240020181」にまとめる,,登録済,,,,
2025/10/03 23:21:20,宮本拓也,⚫️N陶芸,https://drive.google.com/open?id=10HmtDTGt0K6rlCjQCfY1U5ivyLbYi1rr,"¥19,800",1/1,アクリル絵具、キャンバス,2025,あり,F0号180✖︎140,なし,,なし,「240020181」にまとめる,,登録済,,,,
2025/10/03 23:29:38,宮本拓也,⚫️N陶芸,https://drive.google.com/open?id=1MiB1dAgiVT1bkF45OqxVjRUWVii65X3e,"¥19,800",1/1,アクリル絵具、キャンバス,2025,あり,F0号180✖︎140,なし,,なし,「240020181」にまとめる,,登録済,,,,
2025/10/03 23:32:27,宮本拓也,⚫️N陶芸,https://drive.google.com/open?id=1QA9VuHrjLneIKBcIOsnoM8YDA6kpzzgN,"¥19,800",1/1,アクリル絵具、キャンバス,2025,あり,F0号180✖︎140.,なし,,なし,「240020181」にまとめる,,登録済,,,,
2025/10/03 23:34:07,宮本拓也,⚫️N陶芸,https://drive.google.com/open?id=10ZOB6jsSZs7OYokL__EcDQM8xY6bHpWy,"¥19,800",1/1,アクリル絵具、キャンバス,2025,あり,F0号180✖︎140,なし,,なし,「240020181」にまとめる,,登録済,,,,
2025/10/03 23:36:00,宮本拓也,⚫️N陶芸,https://drive.google.com/open?id=1HZ9Rhg_if-GN5L616OH2yWjK5f84W-qp,"¥19,800",1/1,アクリル絵具、キャンバス,2025,あり,F0号180✖︎140,なし,,なし,「240020181」にまとめる,,登録済,,,,
2025/10/03 23:37:41,宮本拓也,⚫️N陶芸,https://drive.google.com/open?id=1K7y8B2KuRpUzylzMLO32bk7nK3IS1TE0,"¥19,800",1/1,アクリル絵具、キャンバス,2025,あり,F0号180✖︎140,なし,,なし,「240020181」にまとめる,,登録済,,,,
2025/10/03 23:39:03,宮本拓也,⚫️N陶芸,https://drive.google.com/open?id=1mX4_Byv1QdSUiq2HFq-OvNMZxT81j9pL,"¥19,800",1/1,アクリル絵具、キャンバス,2025,あり,F0号180✖︎140,なし,,なし,「240020181」にまとめる,,登録済,,,,
2025/10/03 23:40:34,宮本拓也,⚫️N陶芸,https://drive.google.com/open?id=1t6v3CMoNOw_qyvKhiEtgjKIjFTdtzLwO,"¥19,800",1/1,アクリル絵具、キャンバス,2025,あり,F0号180✖︎140,なし,,なし,「240020181」にまとめる,,登録済,,,,
2025/10/03 23:42:00,宮本拓也,⚫️花畑,https://drive.google.com/open?id=1xMN-qhBbn6XxLrhSVZM2rDFlwt3dt2Lm,"¥33,000",1/1,アクリル絵具、キャンバス,2025,あり,F4号333✖︎242,なし,,なし,価格変更の可能性ありで非公開,240020183,登録済,売止,,,
2025/10/03 23:43:46,宮本拓也,⚫️花畑,https://drive.google.com/open?id=1fEbZhrbUciS7q7vl07RKhgf0IY-oEzs2,"¥33,000",1/1,アクリル絵具、キャンバス,2028,あり,F4号333✖︎242,なし,,なし,価格変更の可能性ありで非公開,240020184,登録済,売止,,,
2025/10/06 16:10:32,大沼寛明,ぞうさんのスプレーアート,https://drive.google.com/open?id=1Ut_clsL-pqydRxzLKMh_rTuboww4agKX,"¥10,000",1/1,スプレー、キャンバス,2025,あり,H530xW455xD20m,なし,,なし,,240110059,完売,完売,,,
2025/10/06 18:27:20,三桝正典,⚫️free cloth 1,https://drive.google.com/open?id=1cMLdcL6SC_nGJ7vTHCuLVjnK_1RNvfxZ,"¥15,000",1/1,布　,2025,なし,H850 x W850,なし,,なし,桐箱付　作家名の「＆MGM」を削除（三枡先生の一覧から本作品が見えなくなるため）,240060024,登録済,売止,,,
2025/10/06 18:31:19,三桝正典,⚫️free cloth 2,https://drive.google.com/open?id=1uzlSQ0gqTTSAJjMj73TBfs4hZuJib_tZ,"¥15,000",1/1,布,2025,なし,H850x W850,なし,,なし,桐箱付　作家名の「＆MGM」を削除（三枡先生の一覧から本作品が見えなくなるため）,240060025,登録済,売止,,,
2025/10/06 18:34:28,三桝正典,⚫️free cloth 3,https://drive.google.com/open?id=1_g3e77CVJDnNI_9naU2LXwcm6aADN9gE,"¥20,000",1/1,布,2025,なし,H1000x W700,なし,,なし,桐箱付　作家名の「＆MGM」を削除（三枡先生の一覧から本作品が見えなくなるため）,240060026,登録済,売止,,,
2025/10/08 13:05:54,大沼寛明,幸福のゾウさんシリーズ,https://drive.google.com/open?id=1M4lXIBzaNqT2Ro5dx_Z1JG0_I5djQ_bm,"¥8,888",1/1,アクリル絵具、キャンバス,2025,あり,H227xW158xD20,なし,,なし,,240110060,完売,完売,,,
2025/10/10 13:17:47,大沼寛明,⚫︎A幸運のゾウさんシリーズ小,https://drive.google.com/open?id=1xxEABm5G2sx9e5zoSm4jFAH0TH8pI9Qm,"¥8,888",1/1,アクリル絵具、キャンバス,2025,あり,H227 × W158 xD20mm,なし,,なし,,240110061,登録済,売止,,6/29 販売済,
2025/10/10 13:19:28,大沼寛明,⚫︎A幸運のゾウさんシリーズ小,https://drive.google.com/open?id=183QGc-TA8Ge3bA1F1JjMFt9uBae2mB6I,"¥8,888",1/1,アクリル絵具、キャンバス,2025,あり,H227 × W158 xD20mm,なし,,なし,「240110061」にまとめる,,未登録,未登録,,,
2025/10/10 13:20:38,大沼寛明,⚫︎A幸運のゾウさんシリーズ小,https://drive.google.com/open?id=15NQOB7CC5byUrEALGHLgON0eBbctEvfh,"¥8,888",1/1,アクリル絵具、キャンバス,2025,あり,H227 × W158 xD20mm,なし,,なし,「240110061」にまとめる,,未登録,未登録,,,
2025/10/10 13:21:44,大沼寛明,⚫︎A幸運のゾウさんシリーズ小,https://drive.google.com/open?id=1TUt-PNra1XkWol856qL_VSPutcx1Z1ln,"¥8,888",1/1,アクリル絵具、キャンバス,2025,あり,H227 × W158 xD20mm,なし,,なし,「240110061」にまとめる,,未登録,未登録,,,
2025/10/10 13:22:46,大沼寛明,⚫︎A幸運のゾウさんシリーズ小,https://drive.google.com/open?id=1W04lioD-FcqyEOP7AO9mLnz7r5-17F3u,"¥8,888",1/1,アクリル絵具、キャンバス,2025,あり,H227 × W158 xD20mm,なし,,なし,「240110061」にまとめる,,未登録,未登録,,,
2025/10/10 13:23:49,大沼寛明,⚫︎A幸運のゾウさんシリーズ小,https://drive.google.com/open?id=1Ux7HWgfKB-wBNOHjCB8IyyW7HNVKpeTO,"¥8,888",1/1,アクリル絵具、キャンバス,2025,あり,H227 × W158 xD20mm,なし,,なし,「240110061」にまとめる,,未登録,未登録,,,
2025/10/10 13:25:13,大沼寛明,⚫︎A幸運のゾウさんシリーズ小,https://drive.google.com/open?id=1uGhoHZ_Xd7gY1CyKOrh-igySrBwsHpwH,"¥8,888",1/1,アクリル絵具、キャンバス,2025,なし,H227 × W158 xD20mm,なし,,なし,「240110061」にまとめる,,未登録,未登録,,,
2025/10/10 13:27:36,大沼寛明,⚫︎A幸運のゾウさんシリーズ小,https://drive.google.com/open?id=1BnANoTPrG5H0HaYGiH23Xv3FNRRkr2T7,"¥8,888",1/1,アクリル絵具、キャンバス,2025,あり,H227 × W158 xD20mm,なし,,なし,「240110061」にまとめる,,未登録,未登録,,,
2025/10/10 13:29:19,大沼寛明,⚫︎A幸運のゾウさんシリーズ小,https://drive.google.com/open?id=1iqyYuHhMmwJH7Z-_PrxOr33yz3ZGWZKl,"¥8,888",1/1,アクリル絵具、キャンバス,2025,あり,H227 × W158 xD20mm,なし,,なし,「240110061」にまとめる,,未登録,未登録,,,
2025/10/10 13:30:35,大沼寛明,⚫︎A幸運のゾウさんシリーズ小,https://drive.google.com/open?id=1BWoQ45NnUtAYv16mnvWpI03CHuuFfLQz,"¥8,888",1/1,アクリル絵具、キャンバス,2025,あり,H227 × W158 xD20mm,なし,,なし,「240110061」にまとめる,,未登録,未登録,,,
2025/10/10 13:32:00,大沼寛明,⚫︎A幸運のゾウさんシリーズ小,https://drive.google.com/open?id=1XgTYtise8EgIDbXOr82kxE1kpbUEUziH,"¥8,888",1/1,アクリル絵具、キャンバス,2025,あり,H227 × W158 xD20mm,なし,,なし,「240110061」にまとめる,,未登録,未登録,,,
2025/10/10 13:33:12,大沼寛明,⚫︎A幸運のゾウさんシリーズ小,https://drive.google.com/open?id=1X_MAVSvjF-cUrU6bdytwD3fQ_2k80z95,"¥8,888",1/1,アクリル絵具、キャンバス,2025,あり,H227 × W158 xD20mm,なし,,なし,「240110061」にまとめる,,未登録,未登録,,,
2025/10/10 13:34:13,大沼寛明,⚫︎A幸運のゾウさんシリーズ小,https://drive.google.com/open?id=1rehsiVUs4MBO19S3_nWpnPiVF1QWOo0C,"¥8,888",1/1,アクリル絵具、キャンバス,2025,あり,H227 × W158 xD20mm,なし,,なし,「240110061」にまとめる,,未登録,未登録,,,
2025/10/10 13:53:46,大沼寛明,⚫︎B幸運の星空シリーズ小,https://drive.google.com/open?id=1knYbP0zDRBgTFMtLwDqyxpZLYg6TWPKM,"¥8,888",1/1,アクリル絵具、キャンバス,2025,あり,H227 × W158 xD20mm,なし,,なし,,240110062,登録済,売止,,2/10 販売済,
2025/10/10 13:54:55,大沼寛明,⚫︎B幸運の星空シリーズ小,https://drive.google.com/open?id=1godfmGsO9vyMFKvBr_oscLxwR1LLA4L5,"¥8,888",1/1,アクリル絵具、キャンバス,2025,あり,H227 × W158 xD20mm,なし,,なし,「240110062」にまとめる,,未登録,未登録,,,
2025/10/10 14:06:27,大沼寛明,⚫︎B幸運の星空シリーズ小,https://drive.google.com/open?id=1bUkbT5SvTfGvbvlzApfSYTo1E2Hvqk0f,"¥8,888",1/1,アクリル絵具、キャンバス,2025,あり,H227 × W158 xD20mm,なし,,なし,「240110062」にまとめる,,未登録,未登録,,,
2025/10/10 14:13:29,大沼寛明,⚫︎B幸運の星空シリーズ小,https://drive.google.com/open?id=1hT36cew57fVC__RkpviCxZ2SEylt273Y,"¥8,888",1/1,アクリル絵具、キャンバス,2025,あり,H227 × W158 xD20mm,なし,,なし,「240110062」にまとめる,,未登録,未登録,,,
2025/10/10 14:22:15,大沼寛明,⚫︎B幸運の星空シリーズ小,https://drive.google.com/open?id=12S-RK1XJbS3Fk6we-5MSNwdQWbh_92EB,"¥8,888",1/1,アクリル絵具、キャンバス,2025,あり,H227 × W158 xD20mm,なし,,なし,「240110062」にまとめる,,未登録,未登録,,,
2025/10/10 14:23:36,大沼寛明,⚫︎B幸運の星空シリーズ小,https://drive.google.com/open?id=1t_sN6hYWzAUlg385w9ErgwiAKo0xOH28,"¥8,888",1/1,アクリル絵具、キャンバス,2025,あり,H227 × W158 xD20mm,なし,,なし,「240110062」にまとめる,,未登録,未登録,,,
2025/10/10 14:36:25,大沼寛明,●モナリザクラウドくん,https://drive.google.com/open?id=1eDyuNpqpjrTIk4W8yeYVwzeaNOyYklY8,"¥8,888",1/1,アクリル絵具、キャンバス,2025,あり,H333xW242xD20mm,なし,,なし,値段変更ありのため非公開,240110063,完売,売止,,,
2025/10/11 18:33:02,SASAKI Ayaka,語る大地,https://drive.google.com/open?id=1KcxhFVp0SNBbkmLouuSXmQi6bYfL6N5a,"¥180,000",1/1,アクリル絵具、キャンバス、テクスチャー,2025年,あり,H900×W730×D30,なし,,なし,,250030012,登録済,登録済,,,
2025/10/11 18:38:23,SASAKI Ayaka,大地の断章,https://drive.google.com/open?id=1sZyTOiny_CI-NsmKWczrmjXsMl1YMGMB,"¥150,000",1/1,アクリル絵具、キャンバス、テクスチャー,2025年,あり,H650×W800×D20,なし,,あり,,250030013,完売,完売,,,
2025/10/11 18:53:24,SASAKI Ayaka,月渡し,https://drive.google.com/open?id=12tuXHSUJ7gqg-mR6lfjdQWZ8x7VDemAb,"¥360,000",1/1,アクリル絵具、キャンバス、テクスチャー,2025年,あり,H900×W1160×30,なし,,なし,,250030014,登録済,登録済,,,
2025/10/11 18:56:09,SASAKI Ayaka,月の息吹,https://drive.google.com/open?id=1KX3WnaKC7ysyynG9AR4VandhWIbDC4ac,"¥360,000",1/1,アクリル絵具、キャンバス、テクスチャー,2025年,あり,H1160×W900×D30,なし,,なし,,250030015,登録済,登録済,,,
2025/10/11 19:02:20,SASAKI Ayaka,ラムネ色の夏,https://drive.google.com/open?id=1k7ecUh0GA47Xer0Cha9ITSesJDtdIViC,"¥55,000",1/1,アクリル絵具、キャンバス、テクスチャー、,2025年,あり,H600×W720×D20,なし,,あり,,250030016,登録済,登録済,,,
2025/10/11 19:11:15,SASAKI Ayaka,全ては一つ,https://drive.google.com/open?id=1yYiEuqoGdIn6XrsnzMYDVMDsCs04qzLg,"¥88,888",1/1,アクリル絵具、キャンバス,2025年,あり,H800×W650×D20,なし,,あり,,250030017,登録済,登録済,,,
2025/10/11 19:17:28,SASAKI Ayaka,息のはじまり,https://drive.google.com/open?id=1s0BgrYkBYuXtOtk9UuiEG-UCCAXqLygD,"¥50,000",1/1,アクリル絵具、キャンバス、レジン,2025年,あり,H530×W450×D20,なし,,あり,,250030018,登録済,登録済,,,
2025/10/11 19:23:26,SASAKI Ayaka,まつり,https://drive.google.com/open?id=1Fvw3ABH3pMaEgauNlvhERULABeT_PMxf,"¥18,000",1/1,アクリル絵具、キャンバス,2025年,あり,H240×W660×D20,なし,,なし,,250030019,完売,完売,,,
2025/10/11 19:31:00,SASAKI Ayaka,●月のヴェール,https://drive.google.com/open?id=1jTXeQrvdyTWKozj1KVYhDPfdB7zP1ds8,"¥24,000",1/1,アクリル絵具、キャンバス、テクスチャー、レジン,2025年,あり,H330×W240×D20,なし,,なし,値段変更ありのため非公開,250030020,完売,売止,,,
2025/10/11 19:33:58,SASAKI Ayaka,●月の記憶,https://drive.google.com/open?id=1jkVBp8Co4assd5iKs3wO-a02LmimY5W_,"¥24,000",1/1,アクリル絵具、キャンバス、テクスチャー、レジン,2025年,あり,H330×W240×D20,なし,,あり,値段変更ありのため非公開,250030021,登録済,売止,,,
2025/10/11 19:37:36,SASAKI Ayaka,白磁の月,https://drive.google.com/open?id=15ck53Am6zpLE8oz5I42ggGFNFiZr7N6W,"¥24,000",1/1,アクリル絵具、丸キャンバス、テクスチャー、金箔、レジン,2025年,あり,H250×W250×D20（丸型）,なし,,なし,,250030022,完売,完売,,,
2025/10/11 19:40:32,SASAKI Ayaka,月の残響,https://drive.google.com/open?id=1XXf9nB8MK7pjXMmzC8CC_4kG9dqe6duS,"¥12,000",1/1,アクリル絵具、丸型キャンバス、テクスチャー,2025年,あり,H200×W200×D20,なし,,なし,,250030023,完売,完売,,,
2025/10/13 0:13:50,成田凪子,●解す,https://drive.google.com/open?id=1UjrAHrRMOy6sfiyM2i0TbvSpTtRkrskA,"¥17,000",1/1,キャンバスプリント 顔料インク,2025,あり,H220 × W275 × D15,なし,,なし,値段変更ありのため非公開,240130004,完売,売止,,,
2025/10/13 19:52:27,大沼寛明,⚫︎A幸運のゾウさんシリーズ小,https://drive.google.com/open?id=1VWECujlgkAjYC6nch_AOtOlYj_Hhu60i,"¥8,888",1/1,アクリル絵具、キャンバス,2025,あり,H227 × W158 xD20mm,なし,,なし,「240110061」にまとめる,,未登録,未登録,,,
2025/10/13 19:54:00,大沼寛明,⚫︎A幸運のゾウさんシリーズ小,https://drive.google.com/open?id=1aBph93IMT40j87CLbadl6_meVey_t1Ad,"¥8,888",1/1,アクリル絵具、キャンバス,2025,あり,H227 × W158 xD20mm,なし,,なし,「240110061」にまとめる,,未登録,未登録,,,
2025/10/13 21:37:46,大沼寛明,⚫︎A幸運のゾウさんシリーズ小,https://drive.google.com/open?id=1uc-km1vTdD04E5i3VcfzAP6i-OnTh1es,"¥8,888",1/1,アクリル絵具、キャンバス,2025,あり,H227 × W158 xD20mm,なし,,なし,「240110061」にまとめる,,未登録,未登録,,,
2025/10/13 21:39:22,大沼寛明,⚫︎A幸運のゾウさんシリーズ小,https://drive.google.com/open?id=1uuE4eP1p3lElTFrP_ph4c464yDBRpc4p,"¥8,888",1/1,アクリル絵具、キャンバス,2025,あり,H227 × W158 xD20mm,なし,,なし,「240110061」にまとめる,,未登録,未登録,,,
2025/10/13 21:45:27,大沼寛明,⚫︎B幸運の星空シリーズ小,https://drive.google.com/open?id=1uZk_c0ELKBaYGwqAb0ZfcfNS1OIdkxYB,"¥8,888",1/1,アクリル絵具、キャンバス,2025,あり,H227 × W158 xD20mm,なし,,なし,「240110062」にまとめる,,未登録,未登録,,,
2025/10/13 21:46:49,大沼寛明,⚫︎B幸運の星空シリーズ小,https://drive.google.com/open?id=1isYNCmFinGb2Sk0oGbTPdQv0jzluF7Ux,"¥8,888",1/1,アクリル絵具、キャンバス,2025,あり,H227 × W158 xD20mm,なし,,なし,「240110062」にまとめる,,未登録,未登録,,,
2025/10/13 21:48:02,大沼寛明,⚫︎B幸運の星空シリーズ小,https://drive.google.com/open?id=1WPTy9eqCjabCrFZjYIXNojhTJjG4LJZQ,"¥8,888",1/1,アクリル絵具、キャンバス,2025,あり,H227 × W158 xD20mm,なし,,なし,「240110062」にまとめる,,未登録,未登録,,,
2025/10/13 21:49:22,大沼寛明,⚫︎B幸運の星空シリーズ小,https://drive.google.com/open?id=1lQolX0_iM84jKMlCtsz7S1rDVtJFNew_,"¥8,888",1/1,アクリル絵具、キャンバス,2025,あり,H227 × W158 xD20mm,なし,,なし,「240110062」にまとめる,,未登録,未登録,,,
2025/10/13 21:50:27,大沼寛明,⚫︎C幸運のともだちシリーズ小,https://drive.google.com/open?id=1JWcGO20bmY2Vr74fAlTnx5abPLTzzxCw,"¥8,888",1/1,アクリル絵具、キャンバス,2025,あり,H227 × W158 xD20mm,なし,,なし,,240110064,登録済,売止,,3/4 販売済,
2025/10/13 21:54:14,大沼寛明,⚫︎C幸運のともだちシリーズ小,https://drive.google.com/open?id=1czrLKYjsc8D_urr0yse82lGXnXRYkPeh,"¥8,888",1/1,アクリル絵具、キャンバス,2025,あり,H227 × W158 xD20mm,なし,,なし,「240110064」にまとめる,,未登録,未登録,,,
2025/10/14 7:10:53,岡本祐季,●羽根皿,https://drive.google.com/open?id=1lCFlfweNUA95CrAryAt_SyXjrmExQzSY,"¥41,800",1/1,鉄,２０２５（2011~,なし,H130 x W130 x D150ｍm,なし,,なし,キャンドルスタンド。ガラス瓶に花を生けて飾るなども美しいです。,250010010,登録済,売止,,,
2025/10/14 7:13:14,岡本祐季,●生命,https://drive.google.com/open?id=1xC8GyJKhCZ9i8aj2Q6OHt0UNVbCf2PBN,"¥38,500",1/1,鉄,２０２４（２００４〜,なし,H300 x W80 x D180ｍm,なし,,なし,キャンドルスタンド。ガラス瓶で花を生けて飾るのも素敵です。,250010011,登録済,売止,,,
2025/10/14 7:15:52,岡本祐季,●アールトレー,https://drive.google.com/open?id=1JtAb6VPFXbqDUJwA_6UXQA8dec6YwcJy,"¥33,000",１／１,鉄,２０２４,なし,H10 x W1365 x D19ｍm,なし,,なし,鉄製です。水分は錆びる原因になります。ご注意ください,250010012,登録済,売止,,,
2025/10/14 7:17:43,岡本祐季,●葉っぱトレー,https://drive.google.com/open?id=1ZTrskkqjUW6Q5emV7J0E6XbdhqyFmU4a,"¥8,800",１／１,鉄,２０２４,なし,H1.5 x W100 x D22ｍm,なし,,なし,鉄製です。水分は錆びる原因になります。ご注意ください,250010013,登録済,売止,,,
2025/10/14 7:20:53,岡本祐季,●丸トレー,https://drive.google.com/open?id=1T4JmGffRfO7gUQj02ZHRmz8Ffj3F97DS,"¥5,500",１／１,鉄,２０２４（２００４〜）,なし,H10 x W120 x D90 ｍm,なし,,なし,鉄製です。水分は錆びる原因になります。ご注意ください,250010014,完売,完売,,,
2025/10/14 13:52:14,大沼寛明,⚫︎A幸運のゾウさんシリーズ小,https://drive.google.com/open?id=1_YkkngIYMNixB8aKP4udQ5duROligud3,"¥8,888",1/1,アクリル絵具、キャンバス,2025,あり,H227 × W158 xD20mm,なし,,なし,「240110061」にまとめる,,未登録,売止,,,
2025/10/14 13:53:30,大沼寛明,⚫︎A幸運のゾウさんシリーズ小,https://drive.google.com/open?id=1EBR6HRW-0b7i4FuXDHWnt4EFBxiN4iaj,"¥8,888",1/1,アクリル絵具、キャンバス,2025,あり,H227 × W158 xD20mm,なし,,なし,「240110061」にまとめる,,未登録,売止,,,
2025/10/14 13:55:16,大沼寛明,⚫︎A幸運のゾウさんシリーズ小,https://drive.google.com/open?id=1tVbvhRA-p7UHWlJoGjrlT_qtRGX5j6BT,"¥8,888",1/1,アクリル絵具、キャンバス,2025,あり,H227 × W158 xD20mm,なし,,なし,「240110061」にまとめる,,未登録,売止,,,
2025/10/14 13:56:22,大沼寛明,⚫︎A幸運のゾウさんシリーズ小,https://drive.google.com/open?id=1fWdTuqrJudZFBYiL4i3a5FBawRA-QLOu,"¥8,888",1/1,アクリル絵具、キャンバス,2025,あり,H227 × W158 xD20mm,なし,,なし,「240110061」にまとめる,,未登録,売止,,,
2025/10/14 13:58:07,大沼寛明,⚫︎A幸運のゾウさんシリーズ小,https://drive.google.com/open?id=1Sp9_BYRSM_zfK-KNDkWtOtmarWsqRSzK,"¥8,888",1/1,アクリル絵具、キャンバス,2025,あり,H227 × W158 xD20mm,なし,,なし,「240110061」にまとめる,,未登録,売止,,,
2025/10/14 13:59:23,大沼寛明,⚫︎A幸運のゾウさんシリーズ小,https://drive.google.com/open?id=1Zo1kTgYg-VU7ATlZjTt9qvew1fcN87BH,"¥8,888",1/1,アクリル絵具、キャンバス,2025,あり,H227 × W158 xD20mm,なし,,なし,「240110061」にまとめる,,未登録,売止,,,
2025/10/14 14:00:49,大沼寛明,⚫︎A幸運のゾウさんシリーズ小,https://drive.google.com/open?id=1WsoCD7jqyy58Nm09vFFLTsPSBBILfDW0,"¥8,888",1/1,アクリル絵具、キャンバス,2025,あり,H227 × W158 xD20mm,なし,,なし,「240110061」にまとめる,,未登録,売止,,,
2025/10/14 14:04:17,大沼寛明,⚫︎A幸運のゾウさんシリーズ小,https://drive.google.com/open?id=1hV9AyCZUzGC4FSzdRViPoxK27zbkuBq_,"¥8,888",1/1,アクリル絵具、キャンバス,2025,あり,H227 × W158 xD20mm,なし,,なし,「240110061」にまとめる,,未登録,売止,,,
2025/10/14 14:05:51,大沼寛明,⚫︎A幸運のゾウさんシリーズ小,https://drive.google.com/open?id=11ZwPZfl3v_39sdnFObBr2F83YjsIIj7s,"¥8,888",1/1,アクリル絵具、キャンバス,2025,あり,H227 × W158 xD20mm,なし,,なし,「240110061」にまとめる,,未登録,売止,,,
2025/10/14 14:08:01,大沼寛明,⚫︎A幸運のゾウさんシリーズ小,https://drive.google.com/open?id=1VyYZsPFuL_trAV8nRJNEazujG4C6dRJw,"¥8,888",1/1,アクリル絵具,2025,あり,H227 × W158 xD20mm,なし,,なし,「240110061」にまとめる,,未登録,売止,,,
2025/10/14 14:09:54,大沼寛明,⚫︎A幸運のゾウさんシリーズ小,https://drive.google.com/open?id=1N76ObYwwFu-VMe1NBQT3_TWXanFJgBaf,"¥8,888",1/1,アクリル絵具、キャンバス,2025,あり,H227 × W158 xD20mm,なし,,なし,「240110061」にまとめる,,未登録,売止,,,
2025/10/14 14:11:10,大沼寛明,⚫︎A幸運のゾウさんシリーズ小,https://drive.google.com/open?id=13YVhkVvzBK_QN7dSdIcTixT6zij25DQL,"¥8,888",1/1,アクリル絵具、キャンバス,2025,あり,H227 × W158 xD20mm,なし,,なし,「240110061」にまとめる,,未登録,売止,,,
2025/10/14 14:13:00,大沼寛明,⚫︎C幸運のともだちシリーズ小,https://drive.google.com/open?id=1Xe6QZd-vh561Mp1WwLcUCi77OE7EfFy-,"¥8,888",1/1,アクリル絵具、キャンバス,2025,あり,H227 × W158 xD20mm,なし,,なし,「240110064」にまとめる,,未登録,売止,,,
2025/10/14 14:14:26,大沼寛明,⚫︎C幸運のともだちシリーズ小,https://drive.google.com/open?id=1Uo3GctZBsz6n3wbwAtaHxHkD_mxyElOA,"¥8,888",1/1,アクリル絵具、キャンバス,2025,あり,H227 × W158 xD20mm,なし,,なし,「240110064」にまとめる,,未登録,売止,,,
2025/10/14 14:56:14,大沼寛明,⚫︎D幸運のゾウさんシリーズ小(GOだゾウ),https://drive.google.com/open?id=1UiaNuJ5zC3W_iPXs7-49RcrCD59p04R7,"¥5,555",1/1,アクリル絵具、キャンバス,2025,あり,H227 × W158 xD20mm,なし,,なし,,240110065,登録済,売止,,1/24 販売済,
2025/10/14 15:02:21,大沼寛明,⚫︎D幸運のゾウさんシリーズ小(GOだゾウ),https://drive.google.com/open?id=17w6xZI5cAl_kE0bRbWeCSd_fezpYvHJE,"¥5,555",1/1,アクリル絵具、キャンバス,2025,あり,H227 × W158 xD20mm,なし,,なし,「240110065」にまとめる,,未登録,売止,,,
2025/10/14 15:04:11,大沼寛明,⚫︎D幸運のゾウさんシリーズ小(GOだゾウ),https://drive.google.com/open?id=1NPsTWJ2rYqnlbKKj2h2OkifYMmvFrBBP,"¥5,555",1/1,アクリル絵具、キャンバス,2025,あり,H227 × W158 xD20mm,なし,,なし,「240110065」にまとめる,,未登録,売止,,,
2025/10/14 15:15:06,大沼寛明,⚫︎D幸運のゾウさんシリーズ小(GOだゾウ),https://drive.google.com/open?id=1dZ2gPkUgsgf8tMzy-LvqcZ5IF5bBF-8e,"¥5,555",1/1,アクリル絵具、キャンバス,2025,あり,H227 × W158 xD20mm,なし,,なし,「240110065」にまとめる,,未登録,売止,,,
2025/10/14 15:16:20,大沼寛明,⚫︎D幸運のゾウさんシリーズ小(GOだゾウ),https://drive.google.com/open?id=1utLK4WqMWhNF9kNj9AQd1wYsTsyLgG4Q,"¥5,555",1/1,アクリル絵具、キャンバス,2025,あり,H227 × W158 xD20mm,なし,,なし,「240110065」にまとめる,,未登録,売止,,,
2025/10/14 15:17:29,大沼寛明,⚫︎D幸運のゾウさんシリーズ小(GOだゾウ),https://drive.google.com/open?id=1KY24lyxVNzapQcBVX4Q3I87z3FWR2C33,"¥5,555",1/1,アクリル絵具、キャンバス,2025,あり,H227 × W158 xD20mm,なし,,なし,「240110065」にまとめる,,未登録,売止,,,
2025/10/14 15:18:38,大沼寛明,⚫︎D幸運のゾウさんシリーズ小(GOだゾウ),https://drive.google.com/open?id=1hBO3raHf_iqxRxnc9SnBfnmxgURX8xCl,"¥5,555",1/1,アクリル絵具、キャンバス,2025,あり,H227 × W158 xD20mm,なし,,なし,「240110065」にまとめる,,未登録,売止,,,
2025/10/14 15:19:41,大沼寛明,⚫︎D幸運のゾウさんシリーズ小(GOだゾウ),https://drive.google.com/open?id=1lQajWpXY3gG_k9nYK993Tae2xOwy4mgr,"¥5,555",1/1,アクリル絵具、キャンバス,2025,なし,H227 × W158 xD20mm,なし,,なし,「240110065」にまとめる,,未登録,売止,,,
2025/10/14 15:20:41,大沼寛明,⚫︎D幸運のゾウさんシリーズ小(GOだゾウ),https://drive.google.com/open?id=1ZWdPjr51foNVL7B4FPyQYp3eLPEo1CLE,"¥5,555",1/1,アクリル絵具、キャンバス,2025,あり,H227 × W158 xD20mm,なし,,なし,「240110065」にまとめる,,未登録,売止,,,
2025/10/14 15:21:47,大沼寛明,⚫︎D幸運のゾウさんシリーズ小(GOだゾウ),https://drive.google.com/open?id=1_ZqjRJz0d0PZTFhOA9CIUrR1QZHuzyaG,"¥5,555",1/1,アクリル絵具、キャンバス,2025,あり,H227 × W158 xD20mm,なし,,なし,「240110065」にまとめる,,未登録,売止,,,
2025/10/14 15:22:50,大沼寛明,⚫︎D幸運のゾウさんシリーズ小(GOだゾウ),https://drive.google.com/open?id=1fvODar3a5yxevHVf8uxU81XgN1E5zyIK,"¥5,555",1/1,アクリル絵具、キャンバス,2025,あり,H227 × W158 xD20mm,なし,,なし,「240110065」にまとめる,,未登録,売止,,,
2025/10/14 15:23:57,大沼寛明,⚫︎D幸運のゾウさんシリーズ小(GOだゾウ),https://drive.google.com/open?id=17RiN-zhsKrhQpHmN2LjMyY3QV2UEz80-,"¥5,555",1/1,アクリル絵具、キャンバス,2025,あり,H227 × W158 xD20mm,なし,,なし,「240110065」にまとめる,,未登録,売止,,,
2025/10/14 15:48:19,SASAKI Ayaka,月の波間,https://drive.google.com/open?id=1mm2KA2MjA5RNFMOuUEq6A0C60lRq-U1M,"¥33,000",1/1,アクリル絵具、キャンバス、テクスチャー,2025年,あり,H300×W300×D20（丸型）,なし,,なし,,250030024,完売,完売,,,
2025/10/14 15:49:51,SASAKI Ayaka,月の雫,https://drive.google.com/open?id=1qTvjgRxLMUzEJC6yUbSik9ueX-d1cg_7,"¥12,000",1/1,アクリル絵具、キャンバス、テクスチャー,2025年,あり,H200×W200×D20,なし,,なし,,250030025,完売,完売,,,
2025/10/14 15:51:35,SASAKI Ayaka,月の汐音,https://drive.google.com/open?id=15p88BewYtby4E1KWqDDkv8obkjU0usj1,"¥24,000",1/1,アクリル絵具、キャンバス、テクスチャー,2025年,あり,H250×W250×D20,なし,,なし,,250030026,完売,完売,,,
2025/10/14 17:11:10,大沼寛明,⚫︎D幸運のゾウさんシリーズ小(GOだゾウ),https://drive.google.com/open?id=1TyGQwGt9Ol2tgny-kFWXDOcGirVEirEh,"¥5,555",1/1,アクリル絵具、キャンバス,2025,あり,H180 × W140mm x D20mm,あり,,あり,「240110065」にまとめる,,未登録,売止,,,
2025/10/14 17:12:44,大沼寛明,⚫︎D幸運のゾウさんシリーズ小(GOだゾウ),https://drive.google.com/open?id=1HZi4g7pbLzDFWr0CrtQPaiRQSKNjD_t8,"¥5,555",1/1,アクリル絵具、キャンバス,2025,あり,H227 × W158 xD20mm,なし,,なし,「240110065」にまとめる,,未登録,売止,,,
2025/10/14 17:14:02,大沼寛明,⚫︎D幸運のゾウさんシリーズ小(GOだゾウ),https://drive.google.com/open?id=1IVACROQXaaEWJEulEn6tk6VO0H07dkg2,"¥5,555",1/1,アクリル絵具、キャンバス,2025,あり,H227 × W158 xD20mm,なし,,なし,「240110065」にまとめる,,未登録,売止,,,
2025/10/14 17:15:45,大沼寛明,⚫︎D幸運のゾウさんシリーズ小(GOだゾウ),https://drive.google.com/open?id=1lqIVk-jJY_CbLertD-ZeD23fZ9ps47Sz,"¥5,555",1/1,アクリル絵具、キャンバス,2025,あり,H227 × W158 xD20mm,なし,,なし,「240110065」にまとめる,,未登録,売止,,,
2025/10/14 17:17:14,大沼寛明,⚫︎D幸運のゾウさんシリーズ小(GOだゾウ),https://drive.google.com/open?id=1Pp-ETgXzaA2pj7-YRNeroAmC-ShWX-Cn,"¥5,555",1/1,アクリル絵画、キャンバス,2025,あり,H227 × W158 xD20mm,なし,,なし,「240110065」にまとめる,,未登録,売止,,,
2025/10/14 17:18:57,大沼寛明,⚫︎D幸運のゾウさんシリーズ小(GOだゾウ),https://drive.google.com/open?id=1T9WPAQZ_t7ovNHVxH5tfW7cZ2K9qg-La,"¥5,555",1/1,アクリル絵具、キャンバス,2025,あり,H227 × W158 xD20mm,なし,,なし,「240110065」にまとめる,,未登録,売止,,,
2025/10/14 17:20:23,大沼寛明,⚫︎D幸運のゾウさんシリーズ小(GOだゾウ),https://drive.google.com/open?id=1FjD-3T7snkP1v-QnyAs-ePJue4pZkT9b,"¥5,555",1/1,アクリル絵具、キャンバス,2025,あり,H227 × W158 xD20mm,なし,,なし,「240110065」にまとめる,,未登録,売止,,,
2025/10/14 17:22:08,大沼寛明,⚫︎D幸運のゾウさんシリーズ小(GOだゾウ),https://drive.google.com/open?id=1jnbPbLRyns1wnBdKppncbPxt2CuX7IMZ,"¥5,555",1/1,アクリル絵具、キャンバス,2025,あり,H227 × W158 xD20mm,なし,,なし,「240110065」にまとめる,,未登録,売止,,,
2025/10/14 17:23:57,大沼寛明,⚫︎D幸運のゾウさんシリーズ小(GOだゾウ),https://drive.google.com/open?id=1tBD88RslfFa7km2thAlLasuc-MHSMN5w,"¥5,555",1/1,アクリル絵具、キャンバス,2025,なし,H227 × W158 xD20mm,なし,,なし,「240110065」にまとめる,,未登録,売止,,,
2025/10/14 17:25:22,大沼寛明,⚫︎D幸運のゾウさんシリーズ小(GOだゾウ),https://drive.google.com/open?id=1Lt0Vy_Wr0P_4_5XvMXM2PKo9SekTvhd8,"¥5,555",1/1,アクリル絵具、キャンバス,2025,あり,H227 × W158 xD20mm,なし,,なし,「240110065」にまとめる,,未登録,売止,,,
2025/10/14 17:27:16,大沼寛明,⚫︎D幸運のゾウさんシリーズ小(GOだゾウ),https://drive.google.com/open?id=1-INwX0DxaBEEaZdXX3KpmJa2cbuWURQN,"¥5,555",1/1,アクリル絵具、キャンバス,2025,なし,H227 × W158 xD20mm,なし,,なし,「240110065」にまとめる,,未登録,売止,,,
2025/10/14 17:28:50,大沼寛明,⚫︎D幸運のゾウさんシリーズ小(GOだゾウ),https://drive.google.com/open?id=1h-KxBpvHz_eEDkcjR3Cz4szYU7vXtaWK,"¥5,555",1/1,アクリル絵具、キャンバス,2025,あり,H227 × W158 xD20mm,なし,,なし,「240110065」にまとめる,,未登録,売止,,,
2025/10/14 17:30:37,大沼寛明,⚫︎D幸運のゾウさんシリーズ小(GOだゾウ),https://drive.google.com/open?id=1sLDMKDCHiS7EqctNS1swL8O081M6FS1j,"¥5,555",1/1,アクリル絵具、キャンバス,2025,あり,H227 × W158 xD20mm,なし,,なし,「240110065」にまとめる,,売止,売止,,,
2025/10/14 17:32:31,大沼寛明,⚫︎D幸運のゾウさんシリーズ小(GOだゾウ),https://drive.google.com/open?id=18rL3dWIeG2Tj4TWrwFqZGVhpDq-DgqHK,"¥5,555",1/1,アクリル絵具、キャンバス,2025,あり,H227 × W158 xD20mm,なし,,なし,「240110065」にまとめる,,売止,売止,,,
2025/10/14 17:34:09,大沼寛明,⚫︎D幸運のゾウさんシリーズ小(GOだゾウ),https://drive.google.com/open?id=1oFDLL6K0TksKk0-o4mdL4wtWzu4kJ7hD,"¥5,555",1/1,アクリル絵具、キャンバス,2025,なし,H227 × W158 xD20mm,なし,,なし,「240110065」にまとめる,,売止,売止,,,
2025/10/14 17:36:18,大沼寛明,⚫︎D幸運のゾウさんシリーズ小(GOだゾウ),https://drive.google.com/open?id=18E4G61kTcKI0knODAhVpSfBMPc_LOgaJ,"¥5,555",1/1,アクリル絵具、キャンバス,2025,あり,H227 × W158 xD20mm,なし,,なし,「240110065」にまとめる,,売止,売止,,,
2025/10/14 17:38:49,大沼寛明,⚫︎D幸運のゾウさんシリーズ小(GOだゾウ),https://drive.google.com/open?id=10Df4acCE5hatGgykeglPK1YrlE-DhBzV,"¥5,555",1/1,アクリル絵具、キャンバス,2025,なし,H227 × W158 xD20mm,なし,,なし,「240110065」にまとめる,,売止,売止,,,
2025/10/14 17:41:25,大沼寛明,⚫︎E幸運のゾウさんシリーズ小(F0),https://drive.google.com/open?id=17YUN2LfjXOWrietcwbNQE2mJwSBB0VPi,"¥8,888",1/1,アクリル絵具、キャンバス,2025,あり,H180 × W140mm x D20mm,なし,,なし,,240110066,登録済,売止,,2/17 販売済,
2025/10/14 17:42:56,大沼寛明,⚫︎E幸運のゾウさんシリーズ小(F0),https://drive.google.com/open?id=1KgjahKI4nZEx7loX1ICU8yWzbvydl_x9,"¥8,888",1/1,アクリル絵具、キャンバス,2025,あり,H180 × W140mm x D20mm,なし,,なし,「240110066」にまとめる,,未登録,未登録,,,
2025/10/14 18:01:55,井上朝美,●鯰絵（柴犬）,https://drive.google.com/open?id=1pJnzlhM6xNu3yAgak3zO2hjpD4RDg8cN,"¥12,000",1/1,水彩絵の具、顔彩、アルシュ紙,2025,あり,H150×W110,あり,H225×W164× D30,なし,展示は壁掛けでなく、机に自立して展示をお願いします。,250050008,登録済,売止,,,
2025/10/14 18:03:57,井上朝美,●鯰絵（要猫1）,https://drive.google.com/open?id=1hrgMk0M-Jk2jxZN9lUTpn3ZRA-bSp24w,"¥12,000",1/1,水彩絵の具、顔彩、アルシュ紙,2025,あり,H150×W110,あり,H225×W164× D30,なし,机に自立させて展示をお願いします。,250050009,登録済,売止,,,
2025/10/14 18:07:51,井上朝美,●鯰絵（要猫2）,https://drive.google.com/open?id=196AKbtWQXUvF0kbN7pFzsvPQMPrEmWMf,"¥12,000",1/1,水彩絵の具、顔彩、アルシュ紙,2025,あり,H150×W110,あり,H225×W164× D30,なし,机に自立させて展示をお願いします。,250050010,登録済,売止,,,
2025/10/14 18:09:42,井上朝美,●鯰絵（蛙力士）,https://drive.google.com/open?id=1k8sI5O387bkjJXKDzM4dkFsPQFbQhbP_,"¥12,000",1/1,水彩絵の具、顔彩、アルシュ紙,2025,あり,H150×W110,あり,H225×W164× D30,なし,机に自立させて展示をお願いします。,250050011,登録済,売止,,,
2025/10/14 18:12:09,井上朝美,●鯰絵（要虎子石）,https://drive.google.com/open?id=1rS8LdhHTT7jLOVIYQx3ryx7vvoPvzqPj,"¥12,000",1/1,水彩絵の具、顔彩、アルシュ紙,2025,あり,H150×W110,あり,H225×W164× D30,なし,机に自立させて展示をお願いします。,250050012,完売,完売,,,
2025/10/14 18:17:05,井上朝美,●Diary（北海道）,https://drive.google.com/open?id=1YuuXKrrScJmN8QYlJP8S1TfLR-ZuGTPk,"¥30,000",1/1,水彩絵の具、アクリル絵の具、アルシュ紙、木製パネル,2014,なし,H274×W160×D23,なし,,なし,,250050013,登録済,売止,,,
2025/10/14 18:18:52,井上朝美,●Diary（京都）,https://drive.google.com/open?id=1lEHdT-oilaYEI0-S8cUIPSb103SBi3gq,"¥20,000",1/1,水彩絵の具、アクリル絵の具、アルシュ紙、木製パネル,2014,なし,H274×W160×D23,なし,,なし,,250050014,登録済,売止,,,
2025/10/14 18:23:22,井上朝美,●Wan cup!,https://drive.google.com/open?id=1DMyyL4l9ZPoRyqSeAHI9cbJfnOjnZcdK,"¥30,000",1/1,水彩絵の具,2012,あり,H254×W165,あり,H393×W303×D23,なし,,250050015,登録済,売止,,,
2025/10/14 21:57:48,ヤマモトマサル,オーギュストの憂鬱,https://drive.google.com/open?id=1IIOvoftYDOdG3lfmqvazV6OIcbZ6uxvK,"¥120,000",No.1/3,ハーネミューレ マットファインアートPhoto Rag/12色顔料ジクレープリント,2025,あり,420mm × 594mm,あり,H520 X W720 X 35mm,なし,エディション３枚のうち、個展会場に実際に展示されたNo.1/3のみの販売になります。,240040013,登録済,登録済,,,
2025/10/14 22:02:03,ヤマモトマサル,ジュリエットの帰還,https://drive.google.com/open?id=1DmvVtXnOtwWz-pyEY4K_UopInYwvRzm_,"¥80,000",No.1/3,ハーネミューレ マットファインアートPhoto Rag/12色顔料ジクレープリント,2025,あり,350x450 mm,あり,420×520mmx30mm,なし,エディション３枚のうち、個展会場に実際に展示されたNo.1/3のみの販売になります。,240040014,登録済,登録済,,,
2025/10/14 22:04:45,ヤマモトマサル,la femme qui vérifie,https://drive.google.com/open?id=1aBs_5BzL0RsYLyCv3LD1x0dt-zf6Rk3e,"¥95,000",No.1/3,ハーネミューレ マットファインアートPhoto Rag/12色顔料ジクレープリント,2025,あり,H300 x W380 mm,あり,H415xW418xD25mm,なし,エディション３枚のうち、個展会場に実際に展示されたNo.1/3のみの販売になります。,240040015,登録済,登録済,,,
2025/10/14 22:06:03,ヤマモトマサル,Agent Maxime,https://drive.google.com/open?id=18lBchmFNIcQs0inQSl0NZN8O6v1gneEW,"¥95,000",No.1/3,ハーネミューレ マットファインアートPhoto Rag/12色顔料ジクレープリント,2025,あり,H300 x W380 mm,あり,H415xW418xD25mm,なし,エディション３枚のうち、個展会場に実際に展示されたNo.1/3のみの販売になります。,240040016,登録済,登録済,,,
2025/10/14 22:07:20,ヤマモトマサル,パスカルの葬列,https://drive.google.com/open?id=1_kORB1WtdzY_OZy0rxfv3tP6aCaCpkpp,"¥120,000",No.1/3,ハーネミューレ マットファインアートPhoto Rag/12色顔料ジクレープリント,2025,あり,420mm × 594mm,あり,H520 X W720 X 35mm,なし,エディション３枚のうち、個展会場に実際に展示されたNo.1/3のみの販売になります。,240040017,登録済,登録済,,,
2025/10/14 22:08:40,ヤマモトマサル,Le Switch de Papi,https://drive.google.com/open?id=1j0VrRx2msk7g6fnZu7_9KIgQMjeimVsK,"¥95,000",No.1/3,ハーネミューレ マットファインアートPhoto Rag/12色顔料ジクレープリント,2025,あり,H300 x W380 mm,あり,H415xW418xD25mm,なし,エディション３枚のうち、個展会場に実際に展示されたNo.1/3のみの販売になります。,240040018,登録済,登録済,,,
2025/10/14 22:09:59,ヤマモトマサル,La Grande Aventure,https://drive.google.com/open?id=1pmOAOTZzleAwv_zKTa0jZm3VCJEZgvVw,"¥95,000",No.1/3,ハーネミューレ マットファインアートPhoto Rag/12色顔料ジクレープリント,2025,あり,H300 x W380 mm,あり,H415xW418xD25mm,なし,エディション３枚のうち、個展会場に実際に展示されたNo.1/3のみの販売になります。,240040019,完売,完売,,,
2025/10/14 22:11:05,ヤマモトマサル,ルイ博士の世界 第一部,https://drive.google.com/open?id=1-dhZoAiOk6FjOoKuyhZGBZycOE2uUQdX,"¥200,000",No.1/3,ハーネミューレ マットファインアートPhoto Rag/12色顔料ジクレープリント,2025,あり,420mm × 594mm,あり,H520 X W720 X 35mm,なし,エディション３枚のうち、個展会場に実際に展示されたNo.1/3のみの販売になります。,240040020,登録済,登録済,,,
2025/10/14 22:12:39,ヤマモトマサル,ルイ博士の世界 第二部,https://drive.google.com/open?id=1c43feGVumNlHNWv1d5nTirNOh7KkkeRr,"¥500,000",No.1/3,ハーネミューレ マットファインアートPhoto Rag/12色顔料ジクレープリント,2025,あり,420mm × 594mm ×3set,あり,H520 X W720 X 35mm X 3SET,なし,エディション３枚のうち、個展会場に実際に展示されたNo.1/3のみの販売になります。,240040021,登録済,登録済,,,
2025/10/14 22:14:03,ヤマモトマサル,ルイ博士の世界 第三部,https://drive.google.com/open?id=1m4MrOEQA08md9nV2rI0OtI0njyVJ_mD_,"¥200,000",No.1/3,ハーネミューレ マットファインアートPhoto Rag/12色顔料ジクレープリント,2025,あり,420mm × 594mm,あり,H520 X W720 X 35mm,なし,エディション３枚のうち、個展会場に実際に展示されたNo.1/3のみの販売になります。,240040022,完売,完売,,,
2025/10/14 22:15:16,ヤマモトマサル,バルバブランカ,https://drive.google.com/open?id=1h6w-5t4g9XrF1V9Wew7C5qgH_olKLlyE,"¥95,000",No.1/3,ハーネミューレ マットファインアートPhoto Rag/12色顔料ジクレープリント,2025,あり,H300 x W380 mm,あり,H415xW418xD25mm,なし,エディション３枚のうち、個展会場に実際に展示されたNo.1/3のみの販売になります。,240040023,登録済,登録済,,,
2025/10/14 22:16:35,ヤマモトマサル,Alicia transespacial 2038,https://drive.google.com/open?id=1bIFa9_ykcQtnBk-t1dlKkXkTKX9t-SA0,"¥120,000",No.1/3,ハーネミューレ マットファインアートPhoto Rag/12色顔料ジクレープリント,2025,あり,420mm × 594mm,あり,H520 X W720 X 35mm,なし,エディション３枚のうち、個展会場に実際に展示されたNo.1/3のみの販売になります。,240040024,登録済,登録済,,,
2025/10/14 22:17:54,ヤマモトマサル,El mundo sin Alicia,https://drive.google.com/open?id=1QUOJJpvTAjGZTDzr07-_DDbVNFQ_NZIY,"¥95,000",No.1/3,ハーネミューレ マットファインアートPhoto Rag/12色顔料ジクレープリント,2025,あり,H300 x W380 mm,あり,H415xW418xD25mm,なし,エディション３枚のうち、個展会場に実際に展示されたNo.1/3のみの販売になります。,240040025,登録済,登録済,,,
2025/10/14 22:18:53,ヤマモトマサル,銀色と黒胡椒,https://drive.google.com/open?id=1S62ZQ8gvNHrbScDzyH18rL_XUhNRllPB,"¥95,000",No.1/3,ハーネミューレ マットファインアートPhoto Rag/12色顔料ジクレープリント,2025,あり,H300 x W380 mm,あり,H415xW418xD25mm,なし,エディション３枚のうち、個展会場に実際に展示されたNo.1/3のみの販売になります。,240040026,登録済,登録済,,,
2025/10/14 22:19:52,ヤマモトマサル,Temor y esperanza,https://drive.google.com/open?id=10XN71OihG2sDwTqOOURgMKC6ZDz5Odz3,"¥95,000",No.1/3,ハーネミューレ マットファインアートPhoto Rag/12色顔料ジクレープリント,2025,あり,H300 x W380 mm,あり,H415xW418xD25mm,なし,エディション３枚のうち、個展会場に実際に展示されたNo.1/3のみの販売になります。,240040027,登録済,登録済,,,
2025/10/14 22:23:47,ヤマモトマサル,NO MATTER×SF,https://drive.google.com/open?id=1br9HnJQrDw5p-5KaJj2WcswYdceEgfCw,"¥150,000",No.1/3,ハーネミューレ マットファインアートPhoto Rag/12色顔料ジクレープリント,2025,あり,420mm × 594mm,あり,H520 X W720 X 35mm,なし,エディション３枚のうち、個展会場に実際に展示されたNo.1/3のみの販売になります。また額縁の金色は展示用に施した塗装です。先端の尖った物・硬い物との接触で塗膜が傷つく／剥がれる可能性があります。設置・清掃・移動の際はやわらかい布手袋等をご使用のうえ、慎重にお取り扱いください。,240040028,登録済,登録済,,,
2025/10/15 9:12:37,大沼寛明,⚫︎E幸運のゾウさんシリーズ小(F0),https://drive.google.com/open?id=13tSxV1MJiLcY_WOUp5ivkoMRaU5upJrD,"¥8,888",1/1,アクリル絵具、キャンバス,2025,あり,H180 × W140mm x D20mm,なし,,なし,「240110066」にまとめる,,未登録,未登録,,,
2025/10/15 9:13:46,大沼寛明,⚫︎E幸運のゾウさんシリーズ小(F0),https://drive.google.com/open?id=1b8B9d1pZ-LC-j-RmMNS4t9fJtA-XLdUm,"¥8,888",1/1,アクリル絵具、キャンバス,2025,あり,H180 × W140mm x D20mm,なし,,なし,「240110066」にまとめる,,未登録,未登録,,,
2025/10/15 9:14:56,大沼寛明,⚫︎E幸運のゾウさんシリーズ小(F0),https://drive.google.com/open?id=10VndMiDCGFSnLA7VJMyZMPyyFdfXtf_w,"¥8,888",1/1,アクリル絵具、キャンバス,2025,あり,H180 × W140mm x D20mm,なし,,なし,「240110066」にまとめる,,未登録,未登録,,,
2025/10/15 9:16:07,大沼寛明,⚫︎E幸運のゾウさんシリーズ小(F0),https://drive.google.com/open?id=1Jf7VXa720gi-b9RnisWR6MbvlE8ST1aT,"¥8,888",1/1,アクリル絵具、キャンバス,2025,あり,H180 × W140mm x D20mm,なし,,なし,「240110066」にまとめる,,未登録,未登録,,,
2025/10/15 9:17:15,大沼寛明,⚫︎E幸運のゾウさんシリーズ小(F0),https://drive.google.com/open?id=1e3jDNDF9ka9xlYpJYeV3_fGLISPyjdB5,"¥8,888",1/1,アクリル絵具、キャンバス,2025,あり,H180 × W140mm x D20mm,なし,,なし,「240110066」にまとめる,,未登録,未登録,,,
2025/10/15 9:18:30,大沼寛明,⚫︎E幸運のゾウさんシリーズ小(F0),https://drive.google.com/open?id=1QlzqwKQzsopYh1rcv_ESYcGs_C8SdDc5,"¥8,888",1/1,アクリル絵具、キャンバス,2025,あり,H180 × W140mm x D20mm,なし,,なし,「240110066」にまとめる,,未登録,未登録,,,
2025/10/15 9:19:50,大沼寛明,⚫︎E幸運のゾウさんシリーズ小(F0),https://drive.google.com/open?id=1kDhhm0tgrwl1PYzzJYRyU2YTLxColf1D,"¥8,888",1/1,アクリル絵具、キャンバス,2025,あり,H180 × W140mm x D20mm,なし,,なし,「240110066」にまとめる,,未登録,未登録,,,
2025/10/15 9:20:59,大沼寛明,⚫︎E幸運のゾウさんシリーズ小(F0),https://drive.google.com/open?id=1iN8QcGztZUoz86tyl_dV0bSkc0HdFa6g,"¥8,888",1/1,アクリル絵具、キャンバス,2025,あり,H180 × W140mm x D20mm,なし,,なし,「240110066」にまとめる,,未登録,未登録,,,
2025/10/15 9:22:09,大沼寛明,⚫︎E幸運のゾウさんシリーズ小(F0),https://drive.google.com/open?id=1dX_LOg47JDKE6Ux-vnXOvfZa1H2emhWl,"¥8,888",1/1,アクリル絵具、キャンバス,2025,あり,H180 × W140mm x D20mm,なし,,なし,「240110066」にまとめる,,未登録,未登録,,,
2025/10/15 9:23:04,大沼寛明,⚫︎E幸運のゾウさんシリーズ小(F0),https://drive.google.com/open?id=1l9CTT2OgQYYsHbdLj3tkltakgMQzMMUY,"¥8,888",1/1,アクリル絵具、キャンバス,2025,あり,H180 × W140mm x D20mm,なし,,なし,「240110066」にまとめる,,未登録,未登録,,,
2025/10/15 9:24:29,大沼寛明,⚫︎E幸運のゾウさんシリーズ小(F0),https://drive.google.com/open?id=1UGDgmJLTXuF6rFSNaZdEhLfKwaNh5Uk-,"¥8,888",1/1,アクリル絵具、キャンバス,2025,なし,H180 × W140mm x D20mm,なし,,なし,「240110066」にまとめる,,未登録,未登録,,,
2025/10/15 9:25:31,大沼寛明,⚫︎E幸運のゾウさんシリーズ小(F0),https://drive.google.com/open?id=1kPmzakAbKmJqDsbYc5_gaoRml3_UDfc-,"¥8,888",1/1,アクリル絵具、キャンバス,2025,あり,H180 × W140mm x D20mm,なし,,なし,「240110066」にまとめる,,未登録,未登録,,,
2025/10/15 9:26:40,大沼寛明,⚫︎E幸運のゾウさんシリーズ小(F0),https://drive.google.com/open?id=1wUubC1pyO3olvxKIuZraLCooP1nsJlY5,"¥8,888",1/1,アクリル絵具、キャンバス,2025,あり,H180 × W140mm x D20mm,なし,,なし,「240110066」にまとめる,,未登録,未登録,,,
2025/10/15 9:28:05,大沼寛明,⚫︎E幸運のゾウさんシリーズ小(F0),https://drive.google.com/open?id=1E_-P7QPSf_nl8uwhWc9L6Bgfv1RxnNQp,"¥8,888",1/1,アクリル絵具、キャンバス,2025,あり,H180 × W140mm x D20mm,なし,,なし,「240110066」にまとめる,,未登録,未登録,,,
2025/10/15 9:29:15,大沼寛明,⚫︎E幸運のゾウさんシリーズ小(F0),https://drive.google.com/open?id=1SzlkuIJaT9VbcU6zQ8TUZ9mdUwdOhebj,"¥8,888",1/1,アクリル絵具、キャンバス,2025,あり,H180 × W140mm x D20mm,なし,,なし,「240110066」にまとめる,,未登録,未登録,,,
2025/10/15 9:31:00,大沼寛明,⚫︎Fクラウドくんの日常シリーズ(F0),https://drive.google.com/open?id=1snXv2rxYHLbRGz-sSUuQani8qKlWViqs,"¥8,888",1/1,アクリル絵具、キャンバス,2025,あり,H180 × W140mm x D20mm,なし,,なし,,240110067,登録済,売止,,3/7 販売済,
2025/10/15 9:32:14,大沼寛明,⚫︎Fクラウドくんの日常シリーズ(F0),https://drive.google.com/open?id=1fLQRIP9zlpdYfmjVWlN7hoCylS4rPok9,"¥8,888",1/1,アクリル絵具、キャンバス,2025,あり,H180 × W140mm x D20mm,なし,,なし,「240110067」にまとめる,,未登録,未登録,,,
2025/10/15 9:33:21,大沼寛明,⚫︎Fクラウドくんの日常シリーズ(F0),https://drive.google.com/open?id=1eqq3k9nGh4eXo8--9ILZD5uxFd5OvOcJ,"¥8,888",1/1,アクリル絵具、キャンバス,2025,あり,H180 × W140mm x D20mm,なし,,なし,「240110067」にまとめる,,未登録,未登録,,,
2025/10/15 9:34:29,大沼寛明,⚫︎Fクラウドくんの日常シリーズ(F0),https://drive.google.com/open?id=16yWRrD3AMf7Q1X86N-wjbJQ0jO4wlp81,"¥8,888",1/1,アクリル絵具、キャンバス,2025,なし,H180 × W140mm x D20mm,なし,,なし,「240110067」にまとめる,,未登録,未登録,,,
2025/10/15 9:37:06,大沼寛明,⚫︎Fクラウドくんの日常シリーズ(F0),https://drive.google.com/open?id=1bv7gaeCHFhHJ8O50Us-rj03jynyGUVIA,"¥8,888",1/1,アクリル絵具、キャンバス,2025,あり,H180 × W140mm x D20mm,なし,,なし,「240110067」にまとめる,,売止,未登録,,,
2025/10/15 9:38:06,大沼寛明,⚫︎Fクラウドくんの日常シリーズ(F0),https://drive.google.com/open?id=1LYsNGE8fcHLTUmI_kLBsbZI4j0pIIbb5,"¥8,888",1/1,アクリル絵具、キャンバス,2025,あり,H180 × W140mm x D20mm,なし,,なし,「240110067」にまとめる,,未登録,未登録,,,
2025/10/15 9:39:14,大沼寛明,⚫︎Fクラウドくんの日常シリーズ(F0),https://drive.google.com/open?id=1YZRC3wUL3j4b70YRmsgPWJnBDnXT0X32,"¥8,888",1/1,アクリル絵具、キャンバス,2025,あり,H180 × W140mm x D20mm,なし,,なし,「240110067」にまとめる,,未登録,未登録,,,
2025/10/15 9:40:10,大沼寛明,⚫︎Fクラウドくんの日常シリーズ(F0),https://drive.google.com/open?id=1oJhQX95IJzhUy1haUFIKVweYx5Yjultj,"¥8,888",1/1,アクリル絵具、キャンバス,2025,あり,H180 × W140mm x D20mm,なし,,なし,「240110067」にまとめる,,未登録,未登録,,,
2025/10/15 10:07:25,加藤陽雨,404 Not found,https://drive.google.com/open?id=1VONb4EIzWHPH2KCTtzaG6FaM2pEq4TdS,"¥50,000",1/1,アクリル絵の具、キャンバス,2025,あり,530mm×530mm,なし,,なし,,,未登録,未登録,,,
2025/10/15 10:09:45,加藤陽雨,● 404 Not Found,https://drive.google.com/open?id=1Hoc_6UJS7_FWFXQPySCbZC2eHg1eZFLX,"¥50,000",1/1,アクリル絵の具,2025,あり,530mm×530mm,なし,,なし,誤送信のため再入力,240100019,登録済,売止,,,
2025/10/15 10:20:43,加藤陽雨,●Bye ,https://drive.google.com/open?id=1EF9LQd9-PbjiqNDvdt6LAuHhFydI7Rkn,"¥7,000",1/1,布(コーデュロイ) ・縫製糸・コピック・ボールペン・ライター・封筒,2025,あり,130mm×190mm ,あり,　150mm×210mm×20mm(※変更の可能性大！),あり,ミニ原画なので、出来れば台座が欲しいです！額装サイズ2回りくらい変更あるかもしれないので,240100020,登録済,売止,,,
2025/10/15 14:54:57,大沼寛明,⚫︎G幸運のゾウさんシリーズF3,https://drive.google.com/open?id=1IawGUZlWpt3LDj70nLUQAz6xSDwcNMW8,"¥9,999",1/1,アクリル絵具、キャンバス,2025,あり,H273 × W220 x D20mm,なし,,なし,,240110068,登録済,売止,,1/9 販売済,
2025/10/15 14:56:11,大沼寛明,⚫︎G幸運のゾウさんシリーズF3,https://drive.google.com/open?id=1hukjo4a83VQg-s0aXyEHFzV1rjT1x14W,"¥9,999",1/1,アクリル絵具、キャンバス,2025,あり,H273 × W220 x D20mm ,なし,,なし,「240110068」にまとめる,,未登録,未登録,,,
2025/10/15 14:57:17,大沼寛明,⚫︎G幸運のゾウさんシリーズF3,https://drive.google.com/open?id=1yGCo4SZUdJUMyRmA9tV6kmliFi9ifpAU,"¥9,999",1/1,アクリル絵具、キャンバス,2025,あり,H273 × W220 x D20mm ,なし,,なし,「240110068」にまとめる,,未登録,未登録,,,
2025/10/15 14:58:21,大沼寛明,⚫︎G幸運のゾウさんシリーズF3,https://drive.google.com/open?id=1PImdlf_F3LDCjrLUTftcqMtrvLHTz1G1,"¥9,999",1/1,アクリル絵具、キャンバス,2025,あり,H273 × W220 x D20mm ,なし,,なし,「240110068」にまとめる,,未登録,未登録,,,
2025/10/15 14:59:39,大沼寛明,⚫︎G幸運のゾウさんシリーズF3,https://drive.google.com/open?id=10R2eFz-Hyv4sMpbojouC6JFycszM42-y,"¥9,999",1/1,アクリル絵具、キャンバス,2025,あり,H273 × W220 x D20mm ,なし,,なし,「240110068」にまとめる,,未登録,未登録,,,
2025/10/15 15:00:38,大沼寛明,⚫︎G幸運のゾウさんシリーズF3,https://drive.google.com/open?id=14XdF73Id9Ok9F8GCFKzQyiy9REttjR35,"¥9,999",1/1,アクリル絵具、キャンバス,2025,あり,H273 × W220 x D20mm ,なし,,なし,「240110068」にまとめる,,未登録,未登録,,,
2025/10/15 15:01:59,大沼寛明,⚫︎G幸運のゾウさんシリーズF3,https://drive.google.com/open?id=1-hGlsnBJelHT2Umb5huoTMWFCJUBFNQR,"¥9,999",1/1,アクリル絵具、キャンバス,2025,あり,H273 × W220 x D20mm ,なし,,なし,「240110068」にまとめる,,未登録,未登録,,,
2025/10/15 15:03:56,大沼寛明,⚫︎G幸運のゾウさんシリーズF3,https://drive.google.com/open?id=1ntippAbAywU60S1xBjzlYdk-4kxvlLD1,"¥9,999",1/1,アクリル絵具、キャンバス,2025,あり,H273 × W220 x D20mm ,なし,,なし,「240110068」にまとめる,,未登録,未登録,,,
2025/10/15 15:05:17,大沼寛明,⚫︎G幸運のゾウさんシリーズF3,https://drive.google.com/open?id=1rg7BploZlhzyPCTAXx4C2VNpeABBfmCT,"¥9,999",1/1,アクリル絵具、キャンバス,2025,あり,H273 × W220 x D20mm ,なし,,なし,「240110068」にまとめる,,未登録,未登録,,,
2025/10/15 15:07:07,大沼寛明,⚫︎H幸運のハートシリーズF3,https://drive.google.com/open?id=12_arm_iVr8RqOwTnFXpm4Jyx_lspGiR3,"¥9,999",1/1,アクリル絵具、キャンバス,2025,あり,H273 × W220 x D20mm ,なし,,なし,,240110069,登録済,売止,,1/3 販売済,
2025/10/15 15:08:15,大沼寛明,⚫︎H幸運のハートシリーズF3,https://drive.google.com/open?id=14XaFkwmOdt1R1nrK-n8VaYIPDg0MQqOQ,"¥9,999",1/1,アクリル絵具、キャンバス,2025,あり,H273 × W220 x D20mm ,なし,,なし,「240110069」にまとめる,,未登録,未登録,,,
2025/10/15 15:09:14,大沼寛明,⚫︎H幸運のハートシリーズF3,https://drive.google.com/open?id=18_e3lPAhg7wX2ZVFi5RMb8ViQfKa-_4X,"¥9,999",1/1,アクリル絵具、キャンバス,2025,あり,H273 × W220 x D20mm ,なし,,なし,「240110069」にまとめる,,未登録,未登録,,,
2025/10/15 15:21:22,成田凪子,●無題,https://drive.google.com/open?id=1J67nQz2I8kHbalqCSPar8bK0xPxRvN1A,"¥23,000",1/1,アクリルガッシュ キャンバス アルコールマーカー,2024,あり,H455×W275×D18,なし,,なし,加筆するので、後々画像の差し替えをお願いするかもしれません。よろしくお願いいたします。,240130005,登録済,売止,,,
2025/10/15 15:28:46,成田凪子,●cowgirl,https://drive.google.com/open?id=1X_9VyyAWVwc0u6ro-PcvjaGial3oGVrz,"¥16,000",1/3,パネル 顔料インク,2025,あり,H258×W365×D22,なし,,なし,パネル展のサイズ変更があるかもしれません。よろしくお願いいたします。,240130006,登録済,売止,,,
2025/10/15 16:10:22,大沼寛明,⚫︎クラウドくんのヒーローシリーズ(F4),https://drive.google.com/open?id=1fecz2EW4BwNPaXn_JQd1BzD7u705Aocc,"¥9,999",1/1,アクリル絵具、キャンバス,2025,あり,H333 × W242 x D20mm ,なし,,なし,,240110070,登録済,売止,,,
2025/10/15 16:11:54,大沼寛明,⚫︎クラウドくんのヒーローシリーズ(F4),https://drive.google.com/open?id=1KMrHeci1N6zTJ_hlM_Gq0fcDq6rPI4pu,"¥9,999",1/1,アクリル絵具、キャンバス,2025,あり,H333 × W242 x D20mm ,なし,,なし,,240110071,登録済,売止,,,
2025/10/15 16:13:33,大沼寛明,⚫︎Iクラウドくんの日常シリーズ(F4),https://drive.google.com/open?id=1PYVWjzxJQh1ngahcp4FmQNUnS2ymQofv,"¥9,999",1/1,アクリル絵具、キャンバス,1015,あり,H333 × W242 x D20mm ,なし,,なし,,240110072,完売,売止,,3/3 販売済,
2025/10/15 16:14:49,大沼寛明,⚫︎Iクラウドくんの日常シリーズ(F4),https://drive.google.com/open?id=14Gav3pLkmNb3Oi6wtOIMyq1L6-dtiE28,"¥12,888",1/1,アクリル絵具、キャンバス,2025,あり,H333 × W242 x D20mm ,なし,,なし,「240110072」にまとめる,240110174,登録済,売止,,,
2025/10/15 16:16:13,大沼寛明,⚫︎Iクラウドくんの日常シリーズ(F4),https://drive.google.com/open?id=1ajNIE1Pm9e7bWqbKt7KgYGk2bQA5NeFp,"¥12,888",1/1,アクリル絵具、キャンバス,2025,あり,H333 × W242 x D20mm ,なし,,なし,「240110072」にまとめる,240110175,登録済,売止,,,
2025/10/15 16:19:09,大沼寛明,ぬかるみを見るな、月を見ろ,https://drive.google.com/open?id=1aKrxJyE8eReaa0KLagtaYoIe4aOjFz-3,"¥12,888",1/1,アクリル絵具、キャンバス,2025,あり,H333 × W242 x D20mm ,なし,,なし,,240110073,完売,完売,,,
2025/10/15 16:20:26,大沼寛明,僕強いもんねこ(F4),https://drive.google.com/open?id=1lT6Y7okcO1Y78f-_7tRqlKg6lEUzuau5,"¥12,888",1/1,アクリル絵具、キャンバス,2025,あり,H333 × W242 x D20mm ,なし,,なし,,240110074,登録済,登録済,,,
2025/10/15 16:22:12,大沼寛明,⚫︎J幸運のともだちシリーズ(F4),https://drive.google.com/open?id=1GdF1jhFOjtJMHN1fwiVJvDz9lMOAN9hJ,"¥12,888",1/1,アクリル絵具、キャンバス,2025,あり,H333 × W242 x D20mm ,なし,,なし,,240110075,登録済,売止,,,
2025/10/15 16:23:27,大沼寛明,⚫︎J幸運のともだちシリーズ(F4),https://drive.google.com/open?id=1_xxPi0Fk8st5ACIXd79zD26r4FAHnj3a,"¥12,888",1/1,アクリル絵具、キャンバス,2025,あり,H333 × W242 x D20mm ,なし,,なし,「240110075」にまとめる,,未登録,未登録,,,
2025/10/15 16:24:17,大沼寛明,⚫︎J幸運のともだちシリーズ(F4),https://drive.google.com/open?id=1ZjN73pfDkKOK-eWqkoHSlgRXWVnOyfp9,"¥12,888",1/1,アクリル絵具、キャンバス,2025,あり,H333 × W242 x D20mm ,なし,,なし,「240110075」にまとめる,,未登録,未登録,,,
2025/10/15 16:25:17,大沼寛明,⚫︎J幸運のともだちシリーズ(F4),https://drive.google.com/open?id=1QUfQ8HK1TcX4jVi_Ujsp-QTbOP-yCX7i,"¥12,888",1/1,アクリル絵具、キャンバス,2025,あり,H333 × W242 x D20mm ,なし,,なし,「240110075」にまとめる,,未登録,未登録,,,
2025/10/15 16:26:20,大沼寛明,⚫︎J幸運のともだちシリーズ(F4),https://drive.google.com/open?id=1djipMR6aEWI51gjcxv5rdxpqGabCSJze,"¥12,888",1/1,アクリル絵具、キャンバス,2025,あり,H333 × W242 x D20mm ,なし,,なし,「240110075」にまとめる,,未登録,未登録,,,
2025/10/15 16:27:23,大沼寛明,⚫︎J幸運のともだちシリーズ(F4),https://drive.google.com/open?id=1M14_w30cIBKD880rOuXnBdCk7pCxuwR9,"¥12,888",1/1,アクリル絵具、キャンバス,2025,あり,H333 × W242 x D20mm ,なし,,なし,「240110075」にまとめる,,未登録,未登録,,,
2025/10/15 16:28:17,大沼寛明,⚫︎J幸運のともだちシリーズ(F4),https://drive.google.com/open?id=1ehNrtF0p6N7DuvkTuI5LjW-VGesTaO1G,"¥12,888",1/1,アクリル絵具、キャンバス,2025,あり,H333 × W242 x D20mm ,なし,,なし,「240110075」にまとめる,,未登録,未登録,,,
2025/10/15 16:29:24,大沼寛明,⚫︎J幸運のともだちシリーズ(F4),https://drive.google.com/open?id=1g64Rqc3gqc5dHrgIjk24-b5FO4NsGvwt,"¥12,888",1/1,アクリル絵具、キャンバス,2025,あり,H333 × W242 x D20mm ,なし,,なし,「240110075」にまとめる,,未登録,未登録,,,
2025/10/15 16:30:14,大沼寛明,⚫︎J幸運のともだちシリーズ(F4),https://drive.google.com/open?id=1ozGklhGMnkLwcagn311EJ3BOwY3bp8Gl,"¥12,888",1/1,アクリル絵具、キャンバス,2025,あり,H333 × W242 x D20mm ,なし,,なし,「240110075」にまとめる,,未登録,未登録,,,
2025/10/15 17:49:27,楽鬼,◉宝石雲,https://drive.google.com/open?id=1JGoEx7PkFzv74t-rc3CWisN0PjJ5hLi2,"¥12,000",1/1,アクリル絵具　透明樹脂,2025,あり,H150×W150×D30,なし,,あり,,250040018,登録済,売止,,,
2025/10/15 17:53:10,楽鬼,◉麒麟,https://drive.google.com/open?id=16Wv8UqGjMjdgOMspk83BhYopwDkBtVzM,"¥18,000",1/1,和紙　顔彩　,2025,あり,H20×W35×D5,なし,,なし,,250040019,登録済,売止,,,
2025/10/15 17:55:29,大沼寛明,⚫︎K幸運のクラウドくんファミリーシリーズ(F6),https://drive.google.com/open?id=1PyJFqXYuTlxyg50nr7h_zASKtrNxiu5I,"¥18,888",1/1,アクリル絵具、キャンバス,2025,あり,H410 × W318 x D20mm,なし,,なし,,240110076,登録済,売止,,1/5 販売済,
2025/10/15 17:57:23,大沼寛明,⚫︎K幸運のクラウドくんファミリーシリーズ(F6),https://drive.google.com/open?id=14uSRqtzReMWV6Q3cN7mGTdt5RnKROj2j,"¥18,888",1/1,アクリル絵具、キャンバス,2025,あり,H410 × W318 x D20mm,なし,,なし,「240110076」にまとめる,,未登録,未登録,,,
2025/10/15 17:59:57,大沼寛明,⚫︎K幸運のクラウドくんファミリーシリーズ(F6),https://drive.google.com/open?id=1fs2-GPlQ9obl7aERXGeGYlGbWPyRbOZo,"¥18,888",1/1,アクリル絵具、キャンバス,2025,あり,H410 × W318 x D20mm ,なし,,なし,「240110076」にまとめる,,未登録,未登録,,,
2025/10/15 18:01:56,楽鬼,◉水面花（すいめんか）,https://drive.google.com/open?id=1uoO-Us0sCAJ0vILJhA3awChoBAc5sUXD,"¥35,000",3/3,漆喰　和紙　顔彩　薔薇　透明樹脂,2025,あり,H300×W200×D10,なし,,あり,,250040020,登録済,売止,,,
2025/10/15 18:03:11,大沼寛明,⚫︎K幸運のクラウドくんファミリーシリーズ(F6),https://drive.google.com/open?id=1lZSmbeEoKM_7gSZBide4-nOzQWo1_ME7,"¥18,888",1/1,アクリル絵具、キャンバス,2025,あり,H410 × W318 x D20mm ,なし,,なし,「240110076」にまとめる,,未登録,未登録,,,
2025/10/15 18:04:13,大沼寛明,⚫︎K幸運のクラウドくんファミリーシリーズ(F6),https://drive.google.com/open?id=1SgTbO29ZzLNAyHgbBsb5YHaBS8A_zCyV,"¥18,888",1/1,アクリル絵具、キャンバス,2025,あり,H410 × W318 x D20mm,なし,,なし,「240110076」にまとめる,,未登録,未登録,,,
2025/10/15 18:06:01,大沼寛明,⚫︎幸運のクラウドくんファミリーシリーズ(ゴールドF6),https://drive.google.com/open?id=1IioggoAXlMQg8CDbJNhfo0KU7hz0o88A,"¥18,888",1/1,アクリル絵具、キャンバス,2025,あり,H410 × W318 x D20mm,なし,,なし,,240110077,登録済,売止,,,
2025/10/15 18:09:39,大沼寛明,⚫︎幸運のクラウドくんファミリーシリーズ(恐竜F6),https://drive.google.com/open?id=1hpPPHpUAPpsVqr2jrRv4Y_DFb71I7P-m,"¥18,888",1/1,アクリル絵具、キャンバス,2025,あり,H410 × W318 x D20mm ,なし,,なし,,240110078,登録済,売止,,,
2025/10/15 19:57:50,浅野堅一,●8F-4,https://drive.google.com/open?id=1WRDVDmcW_oU62uJQoaim58XOxYXAmG43,"¥5,500",なし,インクジェットプリント,2025,あり,130×180mm,あり,230×320×30mm,なし,,240070028,登録済,売止,,,
2025/10/15 20:02:14,浅野堅一,●8F-5,https://drive.google.com/open?id=18qcgXU7A3wcPJBDkjQtFxN-cbrdaQ3V5,"¥5,500",なし,バライタ調紙、インクジェットプリント,2025,あり,130×180mm,あり,230×320×30mm,なし,,240070029,完売,完売,,,
2025/10/15 20:04:09,浅野堅一,●8F-6,https://drive.google.com/open?id=17W_qWM6NjdWUXj_OPHJGQcX24bTdXbB6,"¥5,500",なし,バライタ調紙、インクジェットプリント,2025,あり,130×180mm,あり,230×320×30mm,なし,,240070030,登録済,売止,,,
2025/10/15 20:06:31,浅野堅一,●8F-7,https://drive.google.com/open?id=1TDMlApnUlOhjx5FrpNVe9gbwN3FAR0ih,"¥5,500",なし,バライタ調紙、インクジェットプリント,2025,あり,130×180mm,あり,230×320×30mm,なし,,240070031,登録済,売止,,,
2025/10/15 20:08:28,浅野堅一,●8F-11,https://drive.google.com/open?id=1sIYYM9jFmZLB73D8W8rG8v9EOGLEIvR5,"¥5,500",なし,バライタ調紙、インクジェットプリント,2025,あり,130×180mm,あり,230×320×30mm,なし,,240070032,登録済,売止,,1/1 販売済,
2025/10/15 20:10:08,浅野堅一,●8F-12,https://drive.google.com/open?id=1ADL-xE9Rj_O-u7KqP2vX00tBGbH_wVRW,"¥5,500",なし,バライタ調紙、インクジェットプリント,2025,あり,130×180mm,あり,230×320×30mm,なし,,240070033,登録済,売止,,,
2025/10/15 22:49:50,楽鬼,◉波｛なみ｝,https://drive.google.com/open?id=1ImLazt-CGaRp-Xs8CqOJ-kFZL6-m8Wdf,"¥35,000",2/3,漆喰　和紙　透明樹脂,2025,あり,H25×W35×D5,なし,,なし,,250040021,登録済,売止,,,
2025/10/15 23:22:13,大沼寛明,⚫︎幸運のともだちシリーズ(F6黄昏),https://drive.google.com/open?id=1wBGxJ8OD3PvFab_4IqGLRSWNNMGco1Wt,"¥18,888",1/1,アクリル絵具、キャンバス,2025,あり,H410 × W318 x D20mm ,なし,,なし,,240110079,登録済,売止,,,
2025/10/15 23:47:16,やまさきえりな,●まなざしのうーれい1,https://drive.google.com/open?id=1tokLV_HdrBO34q1LMJjqLqwjGQGhLBMJ,"¥50,000",1/1,画用紙、鉛筆,2025,あり,H540 x W380,あり,H620 x W440 x D20ｍm,なし,,240120012,登録済,売止,,,
2025/10/15 23:49:11,やまさきえりな,●まなざしのうーれい2,https://drive.google.com/open?id=17kxJY_ujJKdXZF_jnsZuWD5a5ivUZXwI,"¥50,000",1/1,画用紙、鉛筆,2025,あり,H540 x W380,あり,H620 x W440 x D20ｍm,なし,,240120013,登録済,売止,,,
2025/10/15 23:53:14,やまさきえりな,●まなざしのむじゃき1,https://drive.google.com/open?id=18n8X0y22OzMOevWS23HCyGnQuKlrpDvY,"¥30,000",1/1,画用紙、鉛筆,2025,あり,H270 x W270 mm,あり,約H290 x W290 x D20ｍm,なし,,240120014,完売,完売,,,
2025/10/16 0:00:29,ヤマモトマサル,●JAM2025限定 ボンコちゃんカラバリ #001,https://drive.google.com/open?id=1g0kW7dfKBoO2IYr79Cf0pQ09r9ntKWph,"¥4,500",1/1,用紙・木製パネル・アクリル絵の具,2025,あり,150X150X8mm,なし,,なし,,240040029,登録済,売止,,4/30 販売済,
2025/10/16 0:05:11,浅野堅一,●skull 1,https://drive.google.com/open?id=1E6G2YaadlKr-UFBcQOZfyZ5Zw-GPnsY9,"¥11,000",なし,バライタ調紙　インクジェットプリント,2025,あり,210×300,あり,230×320,なし,,240070034,登録済,売止,,,
2025/10/16 0:07:31,浅野堅一,●skull 2,https://drive.google.com/open?id=1RemOdDxj-xIC2_2g0WQNptOR_0lIiozL,"¥11,000",なし,バライタ調紙,2025,あり,210×300mm,あり,230×320×30mm,なし,,240070035,登録済,売止,,,
2025/10/16 0:09:32,浅野堅一,●skull 3,https://drive.google.com/open?id=1CO1hp9qBPIjlGO7B8o5T2jWL93bAMEpR,"¥11,000",なし,バライタ調紙　インクジェットプリント,2025,あり,210×300mm,あり,230×320×30mm,なし,,240070036,完売,完売,,,
2025/10/16 0:11:14,浅野堅一,●skull 4,https://drive.google.com/open?id=1F3eepUq-tWGyayvoMH1UJFMcaXL7wjpq,"¥11,000",なし,バライタ調紙,2025,あり,210×300mm,あり,230×320×30mm,なし,,240070037,登録済,売止,,,
2025/10/16 0:21:44,浅野堅一,●skull 5,https://drive.google.com/open?id=1eK3EDs7REZqLeO8wzSdBE7tOJjqNVdla,"¥11,000",なし,バライタ調紙,2025,あり,210×300mm,あり,230×320×30mm,なし,画像重複のため未登録,240070038,登録済,未登録,,,
2025/10/16 0:47:33,ヤマモトマサル,●JAM2025限定 ボンコちゃんカラバリ #002,https://drive.google.com/open?id=1uIhpDpq8TNsMCa_X0KGhopuCUrcSQmEv,"¥4,500",1/1,用紙・木製パネル・アクリル絵の具・シルクスクリーン,2025,あり,150X150X8mm,なし,,なし,"スプレッドシートに編集したのですが時間が立つと消えてました。作品名の数字以外は同じです。コピペしていただけると助かります；；
「240040029」にまとめる",,未登録,未登録,,,
2025/10/16 16:06:17,荒木則行,⚫️色付く水面と野鳥：2018-02-28T07:17:18,https://drive.google.com/open?id=1mUDLF26s8E6ECxwikvDSDW7aF4wuHQ7g,"¥40,000",1/1,写真、フォトアクリル,2024年,あり,273✕182mm,あり,273✕182mm,なし,,240080005,登録済,売止,,,
2025/10/16 16:09:06,荒木則行,⚫️八幡高原・カキツバタの里:2021-05-20T14:30:49,https://drive.google.com/open?id=1fLizbL2ZYOhTu3awaTjqukWgjVqvoPU8,"¥40,000",1/1,写真、フォトアクリル,2024年,あり,273✕182mm,あり,273✕182mm,なし,,240080006,登録済,売止,,,
2025/10/16 16:11:19,荒木則行,⚫️雫の中に映る蓮の花：2021-07-17T07:52:41,https://drive.google.com/open?id=1UdUWqQQnctXQzAGlrr-px4z8LNNcSKP1,"¥40,000",1/1,写真、フォトアクリル,2024,あり,273✕182mm,あり,273✕182mm,なし,,240080007,登録済,売止,,,
2025/10/16 16:13:32,荒木則行,⚫️桜の花と雫：2020-04-01T08:10:03,https://drive.google.com/open?id=1_-5u9GVXXE8Ts8BnU34YsYgWmLvhv5uT,"¥40,000",1/1,写真、フォトアクリル,2024,あり,273✕182mm,あり,273✕182mm,なし,,240080008,登録済,売止,,,
2025/10/16 16:15:29,荒木則行,⚫️虹色の煌めきと雫の草原：2021-04-15T06:51:00,https://drive.google.com/open?id=1b9CFwos45MfdGCL5ABl1DNKWZWLarzmy,"¥40,000",1/1,写真、フォトアクリル,2024,あり,273✕182mm,あり,273✕182mm,なし,,240080009,登録済,売止,,,
2025/10/16 16:17:46,荒木則行,⚫️朝露滴る湿原で：2005-06-04T05:08:43,https://drive.google.com/open?id=1g1nGKWb7yhaPc2bGDdxD6BKsyLJOcp_t,"¥40,000",1/1,写真、フォトアクリル,2024,あり,273✕182mm,あり,273✕182mm,なし,,240080010,登録済,売止,,,
2025/10/23 11:20:02,宮本拓也,一輪の花　50,https://drive.google.com/open?id=15SYTsmrXlbBYYpZzT7vJh2sqSujFBtae,"¥19,800",1/1,アクリル絵具　キャンバス,2025,あり,F0号180✖︎140,なし,,なし,,240020185,登録済,登録済,,,
2025/10/23 11:23:02,宮本拓也,一輪の花　51,https://drive.google.com/open?id=1fE68wH6K9SHuQO4S-yRqSU61LkA3Gs87,"¥19,800",1/1,アクリル絵具　キャンバス,2025,あり,F0号180✖︎140,なし,,なし,,240020186,登録済,登録済,,,
2025/10/23 11:24:51,宮本拓也,一輪の花　52,https://drive.google.com/open?id=10kSOSV2o9qiqXbSfBhXJ1zt6VuN1gw2p,"¥19,800",1/1,アクリル絵具　キャンバス,2025,あり,F0号180✖︎140,なし,,なし,,240020187,登録済,登録済,,,
2025/10/23 11:26:56,宮本拓也,一輪の花　53,https://drive.google.com/open?id=1Pzvv7zTQ0ZhUiwh6CQcNiA4vAKpkM9Hv,"¥19,800",1/1,アクリル絵具　キャンバス,2025,あり,F0号180✖︎140,なし,,なし,,240020188,登録済,登録済,,,
2025/10/23 11:36:52,宮本拓也,一輪の花　54,https://drive.google.com/open?id=18jL2L6OO_YCa4lBHKb93s5Qnt0w8qWCT,"¥19,800",1/1,アクリル絵具　キャンバス,2025,あり,F0号180✖︎140,なし,,なし,,240020189,登録済,登録済,,,
2025/10/23 11:39:49,宮本拓也,一輪の花　55,https://drive.google.com/open?id=1AQKDGIA3dqv6eTOt2yNJcTFLBMVSwsJz,"¥19,800",1/1,アクリル絵具　キャンバス,2025,あり,F0号180✖︎140,なし,,なし,,240020190,登録済,登録済,,,
2025/10/23 11:42:11,宮本拓也,一輪の花　56,https://drive.google.com/open?id=12gccy6MlWVWcsACgtetSw4TJjMV0HbEN,"¥19,800",1/1,アクリル絵具　キャンバス,2025,あり,F0号180✖︎140,なし,,なし,,240020191,登録済,登録済,,,
2025/10/23 11:43:37,宮本拓也,一輪の花　57,https://drive.google.com/open?id=1Kv5TUSdB00DO2FJMt-uqVq6oRQcgGk6Y,"¥19,800",1/1,アクリル絵具　キャンバス,2025,あり,F0号180✖︎140,なし,,なし,,240020192,登録済,登録済,,,
2025/10/23 11:45:27,宮本拓也,一輪の花　58,https://drive.google.com/open?id=1L5pEf7c5C1GH8cu64tQETxtulGZheExR,"¥19,800",1/1,アクリル絵具　キャンバス,2025,あり,F0号180✖︎140,なし,,なし,,240020193,完売,完売,,,
2025/10/23 11:47:28,宮本拓也,一輪の花　59,https://drive.google.com/open?id=1e0KQuCe94wdxGrXptrrTnJZjAyG3d59Y,"¥19,800",1/1,アクリル絵具　キャンバス,2025,あり,F0号180✖︎140,なし,,なし,,240020194,登録済,登録済,,,
2025/10/23 11:49:03,宮本拓也,一輪の花　60,https://drive.google.com/open?id=1zOwwrLC7Wkib5I2aeKkhBf4uufxZVzfg,"¥19,800",1/1,アクリル絵具　キャンバス,2025,あり,F0号180✖︎140.,なし,,なし,,240020195,登録済,登録済,,,
2025/10/23 11:50:38,宮本拓也,一輪の花　61,https://drive.google.com/open?id=1Il4mytC-hpYN7kXSNMbeUNj0iaUqDzkj,"¥19,800",1/1,アクリル絵具　キャンバス,2025,あり,F0号180✖︎140,なし,,なし,,240020196,登録済,登録済,,,
2025/10/23 11:52:43,宮本拓也,一輪の花　62,https://drive.google.com/open?id=1B-eI4wWe9UMhw_CdeEgR9u0-Bk_R5Tpa,"¥19,800",1/1,アクリル絵具　キャンバス,2025,あり,F0号180✖︎140,なし,,なし,,240020197,登録済,登録済,,,
2025/10/23 11:54:25,宮本拓也,一輪の花　63,https://drive.google.com/open?id=1-xV21fpXCJSFPWdORLmFanUyZA9l7Vfj,"¥19,800",1/1,アクリル絵具　キャンバス,2025,あり,F0号180✖︎140,なし,,なし,,240020198,登録済,登録済,,,
2025/10/23 11:55:33,宮本拓也,一輪の花　64,https://drive.google.com/open?id=1Ow3eo4rFTVrYRWWE4sPCL1HyUMK0GCKl,"¥19,800",1/1,アクリル絵具　キャンバス,2025,あり,F0号180✖︎140,なし,,なし,,240020199,登録済,登録済,,,
2025/10/25 6:49:28,やまさきえりな,かぶりっこうーれい うさぎ,https://drive.google.com/open?id=1Kl9D3lLjLi_PP4AvdAufzsU6zuaJITj6,"¥22,000",1/1,キャンバス、アクリル絵の具、クレパス,2025,あり,H200 x W200 x D15ｍm,なし,,なし,,240120015,登録済,登録済,,,
2025/10/25 6:50:45,やまさきえりな,かぶりっこうーれい くま,https://drive.google.com/open?id=1F4KN3MWVY53ZyHGvgJ3SZF2jbgxFIwAc,"¥22,000",1/1,キャンバス、アクリル絵の具、クレパス,2025,あり,H200 x W200 x D15ｍm,なし,,なし,,240120016,登録済,登録済,,,
2025/10/25 6:52:35,やまさきえりな,かぶりっこうーれい ねこ,https://drive.google.com/open?id=1h2EiH15sU7zPeMEi_KYWZ1JlAQ64MkA4,"¥22,000",1/1,キャンバス、アクリル絵の具、クレパス,2025,あり,H200 x W200 x D15ｍm,なし,,なし,,240120017,登録済,登録済,,,
2025/10/28 17:22:09,岡本祐季,羽根の折れた天使,https://drive.google.com/open?id=1X0aYeBfCjD0MB4i4IOpXMQ9qTm2_xG9u,"¥220,000",1/1,木、鉄、アクリル絵の具,２０１５,なし,H220 x W100 x D100ｍm,なし,,なし,木彫り作品です。,250010015,登録済,登録済,,,
2025/10/31 4:55:00,やまさきえりな,無題のうーれい4,https://drive.google.com/open?id=1LbIhUrBYj3KZtMDZKjY6_zESVfnrccMY,"¥16,500",1/1,キャンバス、アクリル絵の具、石粉粘土,2025年,あり,H700 x W700 x D50ｍm,なし,,なし,,240120018,登録済,登録済,,,
2025/10/31 4:56:54,やまさきえりな,無題のうーれい5,https://drive.google.com/open?id=1MD4vfDEpukZQemq1VDjVoFUuayUbFBVh,"¥33,000",1/1,キャンバス、アクリル絵の具、石粉粘土,2025年,あり,H800 x W800 x D55ｍm,なし,,なし,,240120019,登録済,登録済,,,
2025/10/31 5:00:04,やまさきえりな,無題のうーれい6,https://drive.google.com/open?id=1L3764Y0yoD_3tyQm7WGgxsz-4OMV-ZqQ,"¥33,000",1/1,キャンバス、アクリル絵の具、石粉粘土,2025年,あり,H70 x W100 x D40ｍm,なし,,なし,,240120020,登録済,登録済,,,
2025/10/31 5:03:22,やまさきえりな,れりーふうーれい1,https://drive.google.com/open?id=1LlcLJHnD0BsnLxXkGTzq6-4sHH7g4N2Y,"¥7,700",1/1,キャンバス、アクリル絵の具、石粉粘土,2025年,あり,H70 x W70 x D20ｍm,なし,,なし,,240120021,登録済,登録済,,,
2025/10/31 5:08:00,やまさきえりな,ふれたいうーれい,https://drive.google.com/open?id=19yYgYQk1OmX9aQf7H5sn-saj1NcmpyeE,"¥44,000",1/1,キャンバス、アクリル絵の具、石粉粘土,2025年,あり,H270 x W220 x D60ｍm,なし,,なし,,240120022,登録済,登録済,,,
2025/10/31 5:10:01,やまさきえりな,とけるうーれい,https://drive.google.com/open?id=1E4WIRAGR1Dya4t7zjIcgkUFaV4hQvHBL,"¥44,000",1/1,キャンバス、アクリル絵の具、石粉粘土,2025年,あり,H270 x W220 x D60ｍm,なし,,なし,,240120023,登録済,登録済,,,
2025/10/31 17:54:19,浅野堅一,from the 8th floor-1,https://drive.google.com/open?id=1SPmYFkGVaBCGzm4x9BiBtBrEtMTBILpN,"¥5,500",なし,バライタ調紙、インクジェットプリント,2025,あり,230×320,なし,,なし,,240070039,登録済,登録済,,,
2025/10/31 17:56:27,浅野堅一,from the 8th floor-2,https://drive.google.com/open?id=1BrVw3NGr5dHqdRHko-rnWaNFv6wr3xWz,"¥5,500",なし,バライタ調紙、インクジェットプリント,2025,あり,210×300,なし,,なし,,240070040,登録済,登録済,,,
2025/10/31 17:57:49,浅野堅一,from the 8th floor-3,https://drive.google.com/open?id=11r-jXj6ZqLHoYjKPCNayLvcw0TcSsWAf,"¥5,500",なし,バライタ調紙、インクジェットプリント,2025,あり,210×300,なし,,なし,,240070041,登録済,登録済,,,
2025/10/31 18:00:15,浅野堅一,from the 8th floor-4,https://drive.google.com/open?id=13M9ENrkfgXwXlRgeC8ANWRhQUVsXMoyy,"¥5,500",なし,バライタ調紙、インクジェットプリント,2025,あり,210mm×300mm,なし,,なし,,240070042,登録済,登録済,,,
2025/10/31 18:01:47,浅野堅一,from the 8th floor-5,https://drive.google.com/open?id=1ObG60MRiGVj24cCLLBeos_JES7s0psI2,"¥5,500",なし,バライタ調紙、インクジェットプリント,2025,あり,210mm×300mm,なし,,なし,,240070043,登録済,登録済,,,
2025/10/31 18:03:52,浅野堅一,from the 8th floor-6,https://drive.google.com/open?id=1GMYFNs9BV3AFMsWp97Vt811j5ZyznvSh,"¥5,500",なし,バライタ調紙、インクジェットプリント,2025,あり,210mm×300mm,なし,,なし,,240070044,登録済,登録済,,,
2025/10/31 18:05:42,浅野堅一,from the 8th floor-7,https://drive.google.com/open?id=1--s9lbVNFyMhphfJ5NYAHEpcESLpBm7U,"¥5,500",なし,バライタ調紙、インクジェットプリント,2025,あり,210mm×300mm,なし,,なし,,240070045,登録済,登録済,,,
2025/10/31 18:07:47,浅野堅一,from the 8th floor-8,https://drive.google.com/open?id=1NHaCXLuaFgYNUp8myllwJvIN3EDVkPKO,"¥5,500",なし,バライタ調紙、インクジェットプリント,2025,あり,210mm×300mm,なし,,なし,,240070046,登録済,登録済,,,
2025/10/31 18:09:09,浅野堅一,from the 8th floor-9,https://drive.google.com/open?id=1PoYnYmHqsoHRwWClpfGqe4v52a2FJsLa,"¥5,500",なし,バライタ調紙、インクジェットプリント,2025,あり,210mm×300mm,なし,,なし,,240070047,登録済,登録済,,,
2025/10/31 18:10:52,浅野堅一,from the 8th floor-10,https://drive.google.com/open?id=1HWz80zINn3sJfa0UWXYjO9bIDOGgcsEe,"¥5,500",なし,バライタ調紙、インクジェットプリント,2025,あり,210mm×300mm,なし,,なし,,240070048,登録済,登録済,,,
2025/10/31 18:12:39,浅野堅一,from the 8th floor-11,https://drive.google.com/open?id=120XXFCXWbMVVXEEBKNDTiye1qsj3ALKb,"¥5,500",なし,バライタ調紙、インクジェットプリント,2025,あり,210mm×300mm,なし,,なし,,240070049,登録済,登録済,,,
2025/10/31 18:14:13,浅野堅一,from the 8th floor-12,https://drive.google.com/open?id=1XpzDX2eFnq9QPLYbpU2nvD15vdcj-k0p,"¥5,500",なし,バライタ調紙、インクジェットプリント,2025,あり,210mm×300mm,なし,,なし,,240070050,登録済,登録済,,,
2025/10/31 18:15:33,浅野堅一,from the 8th floor-13,https://drive.google.com/open?id=1t90dFh7ol9ZW24mKfTlinUpWdrlcu81d,"¥5,500",なし,バライタ調紙、インクジェットプリント,2025,あり,210mm×300mm,なし,,なし,,240070051,登録済,登録済,,,
2025/10/31 18:16:56,浅野堅一,from the 8th floor-14,https://drive.google.com/open?id=1MUqbLeEV0nzgqiIXI-SmbPJ5LQEIE9ST,"¥5,500",なし,バライタ調紙、インクジェットプリント,2025,あり,210mm×300mm,なし,,なし,,240070052,登録済,登録済,,,
2025/10/31 18:18:52,浅野堅一,from the 8th floor-15,https://drive.google.com/open?id=1Rxetr5iPJpfLRJaNA8Y6wl5sKpKWBYrv,"¥5,500",なし,バライタ調紙、インクジェットプリント,2025,あり,210mm×300mm,なし,,なし,,240070053,登録済,登録済,,,
2025/10/31 18:20:33,浅野堅一,from the 8th floor-16,https://drive.google.com/open?id=1VtCQk-kHnQD7hP37MCtaZUYMazbdzIZl,"¥5,500",なし,バライタ調紙、インクジェットプリント,2025,あり,210mm×300mm,なし,,なし,,240070054,登録済,登録済,,,
2025/10/31 18:22:03,浅野堅一,from the 8th floor-17,https://drive.google.com/open?id=1nnS3Ju7mfnOR3wRoI6-LEoQHvx4Ul9WP,"¥5,500",なし,バライタ調紙、インクジェットプリント,2025,あり,210mm×300mm,なし,,なし,,240070055,登録済,登録済,,,
2025/10/31 18:23:14,浅野堅一,from the 8th floor-18,https://drive.google.com/open?id=1e8cLsMS0M2xNywCVSJF3qydCKx961CkT,"¥5,500",なし,バライタ調紙、インクジェットプリント,2025,あり,210mm×300mm,なし,,なし,,240070056,完売,完売,,,
2025/10/31 20:23:04,SASAKI Ayaka,大地の物語（大）,https://drive.google.com/open?id=15Nve1a_bHSgQLaGGZAS9KkIyqS120ngM,"¥33,000",1/1,アクリル絵具、キャンバス、テクスチャー,2025,あり,H300×W300×D20（丸型）,なし,,なし,,250030027,完売,完売,,,
2025/10/31 20:24:47,SASAKI Ayaka,大地の物語（中）,https://drive.google.com/open?id=1cwzK1x6lBCVIh1P09CF7BFwHb1dxsOPJ,"¥24,000",1/1,アクリル絵具、キャンバス、テクスチャー,2025,あり,H250×W250×D20（丸型）,なし,,なし,,250030028,登録済,登録済,,,
2025/10/31 20:26:24,SASAKI Ayaka,大地の物語（小）,https://drive.google.com/open?id=1jaeJ7i50FeUiPM7cFU_aKC90J0zXNTlm,"¥18,000",1/1,アクリル絵具、キャンバス、テクスチャー,2025,あり,H200×W200×D20（丸型）,なし,,なし,,250030029,完売,完売,,,
2025/11/05 0:25:15,浅野堅一,Deer 1,https://drive.google.com/open?id=1hfRlWtOu8vGPQEMcUlg8cMiEcjsItl86,"¥11,000",なし,バライタ調紙　インクジェットプリント,2025,あり,210mm×300mm,あり,230×320×30mm,なし,,240070057,登録済,登録済,,,
2025/11/16 12:10:54,大沼寛明,オーダー作品　藤正様,https://drive.google.com/open?id=1omdeeF_IYMEI7kOrEyqVp8Nekm4uN4lo,"¥30,000",1/1,アクリル絵具、キャンバス,2025,あり,H227xW158xD20mm,なし,,なし,,240110080,完売,完売,,,
2025/11/17 15:30:15,SASAKI Ayaka,オーダー作品,https://drive.google.com/open?id=16Pi2NyqX0vIDy-yFRiyEE_3vD-g7a6sR,"¥33,000",1/1,アクリル絵具、キャンバス,2025年,あり,Ｈ270×ｗ220✖️D20,なし,,なし,,250030030,完売,完売,,,
2025/11/21 11:26:36,浅野堅一,Carnation,https://drive.google.com/open?id=1Ki2sbN3FBY7YODekMnjDcOGbxOgDVcE3,"¥120,000",1/10,インクジェットプリント　半光沢紙,2025,あり,500×700,あり,520×720×30mm,なし,,240070058,登録済,登録済,,,
2025/11/21 11:28:55,浅野堅一,Calla,https://drive.google.com/open?id=1Z3anB-sOt8ZLW8G8zL3xNrO8V5wzOlou,"¥120,000",1/10,インクジェットプリント　半光沢紙,2025,あり,500×700mm,あり,520×720×30mm,なし,,240070059,登録済,登録済,,,
2025/11/21 11:30:53,浅野堅一,Sunflower,https://drive.google.com/open?id=18IfTdvUDYDUPxZWCRyMtXZAt8iXS9pNF,"¥120,000",1/10,インクジェットプリント　半光沢紙,2025,あり,500×700mm,あり,520×720×30mm,なし,,240070060,登録済,登録済,,,
2025/11/21 11:32:30,浅野堅一,Protea,https://drive.google.com/open?id=1Yrequ1dYDFvgjCaZ-qIqh10IF6ltwIPx,"¥120,000",1/10,インクジェットプリント　半光沢紙,2025,あり,500×700mm,あり,520×720×30mm,なし,,240070061,登録済,登録済,,,
2025/11/28 20:59:53,成田凪子,虫ちゃん夜想曲,https://drive.google.com/open?id=1rO3PaMwEU0_Jk48-XLc1mKDfAgyLWoEi,"¥64,000",1/3,12色顔料ジクレープリント ハーネミューレ フォトラグ,2025,あり,H594×W420,あり,H510×W720,なし,,240130007,登録済,登録済,,,
2025/12/01 16:39:52,成田凪子,鶏女神ちゃん 青緑の回廊,https://drive.google.com/open?id=1xu9SBsHETQpNJE6QgEq20IFOYoXEHIAS,"¥45,000",1/5,ハーネミューレ フォトラグ 12色顔料ジクレープリント,2025,あり,H594×W420,あり,H720×W520×D35,なし,,240130008,登録済,登録済,,1/5 販売済,
2025/12/01 16:43:05,成田凪子,鶏女神ちゃん 白の回廊,https://drive.google.com/open?id=19YaTFcZri_Jkn6tjlR4UNYZ0JAXsXcWM,"¥45,000",1/5,ハーネミューレ  フォトラグ 12色顔料ジクレープリント,2025,あり,H594mm×W420mm,あり,H720×W520×D35,なし,,240130009,登録済,登録済,,,
2026/01/19 13:55:46,Kazuyo Okushiba ,2024  No.19,https://drive.google.com/open?id=1EpY1Tu0cGqxCEKSCTLrxcLns36fTSQoX,"¥66,000",1/1,木，アクリル絵具,2024年,あり,H25 x W25,なし,,なし,,260010001,登録済,登録済,,,
2026/01/19 14:01:34,Kazuyo Okushiba ,2024  No.14,https://drive.google.com/open?id=1qxm7POCF8d2WYPbUVrUP5O4Wqv5DmU7m,"¥55,000",1/1,木、アクリル絵具,2024年,あり,H20 x W20,なし,,なし,,260010002,登録済,登録済,,,
2026/01/19 14:07:27,Kazuyo Okushiba ,2024  No.13,https://drive.google.com/open?id=1KL0dCHsL2SBfLLBMM6YNu83eUgaTaehF,"¥55,000",1/1,木、アクリル絵具,2024,あり,"H19 x W14,6",なし,,なし,,260010003,登録済,登録済,,,
2026/01/19 14:11:28,Kazuyo Okushiba ,2024  No.16,https://drive.google.com/open?id=1jCC0TBKvQHNpuZZXVFn9pzDGWxuT06-m,"¥77,000",1/1,木、アクリル絵具,2024年,あり,H22 x W24,なし,,なし,,260010004,登録済,登録済,,,
2026/01/19 14:14:27,Kazuyo Okushiba ,2024  No.12,https://drive.google.com/open?id=1pFAbcN-xcUeLX9r8CrAOJ0SRBPxkT0jy,"¥55,000",1/1,木、アクリル絵具,2024年,あり,H7.5 X W7,なし,,なし,,260010005,登録済,登録済,,,
2026/01/19 14:18:17,Kazuyo Okushiba ,2024  No.25,https://drive.google.com/open?id=1_ml2oQIcfYZoA2lvKNEGFSc8t398Byj3,"¥330,000",1/1,木、アクリル絵具,2024年,あり,H47.5 x W38,なし,,なし,,260010006,登録済,登録済,,,
2026/01/19 14:22:36,Kazuyo Okushiba ,2024  No.23,https://drive.google.com/open?id=1xkOcx2r66f5MXQQnm30FLWkHUejeZvIA,"¥660,000",1/1,木、コルク,2024年,あり,H45 x W91,あり,,あり,,260010007,登録済,登録済,,,
2026/01/19 14:25:04,Kazuyo Okushiba ,2025  No.1,https://drive.google.com/open?id=1m6TF_Qhptc0WA-YaWth5Qkwpm26iqVmW,"¥440,000",1/1,木、アクリル絵具,2025,あり,H50 X W45,なし,,あり,,260010008,登録済,登録済,,,
2026/01/19 14:27:22,Kazuyo Okushiba ,2025  No.2,https://drive.google.com/open?id=1ZnuHutTauPY2Zb_FpzNhYCKwjp_yxSQC,"¥330,000",1/1,木、アクリル絵具,2025年,あり,H62 x W25,なし,,あり,,260010009,登録済,登録済,,,
2026/01/19 14:30:10,Kazuyo Okushiba ,2025  No.3,https://drive.google.com/open?id=1ZEZvS1cAGuEWSjaXCDW3818XZHKMcFeH,"¥770,000",1/1,木、アクリル絵具,2025年,あり,H45 x W91,なし,,あり,,260010010,登録済,登録済,,,
2026/01/19 14:33:32,Kazuyo Okushiba ,2025  No.4,https://drive.google.com/open?id=1QMv6_PgrQvT5oKwhGrpEelovgXkmMKdZ,"¥550,000",1/1,木、アクリル絵具,2025年,あり,H45 x W45,なし,,あり,,260010011,登録済,登録済,,,
2026/01/19 19:21:00,浅野堅一,moth 1 2026,https://drive.google.com/open?id=1NGnkyLhjh08YS7coMI4H7DInxIw96PIv,"¥55,000",1/10,インクジェットプリント　マット紙,2026,あり,400×500mm,あり,420×520×30,なし,,240070062,登録済,登録済,,,
2026/01/19 19:30:03,浅野堅一,buttery 1 2026,https://drive.google.com/open?id=1zTKWNOmGkIKTSAucHxUv6eUMiRscfVaw,"¥55,000",1/10,インクジェットプリント　マット紙,2026,あり,400×500mm,あり,420×520×30,なし,,240070063,登録済,登録済,,,
2026/01/19 19:32:08,浅野堅一,buttery 2 2026,https://drive.google.com/open?id=1fEPwFW932VeLpJUepyFgrPHDVmEHMhjA,"¥55,000",1/10,インクジェットプリント　マット紙,2025,あり,400×500mm,あり,420×520×30mm,なし,,240070064,登録済,登録済,,,
2026/01/19 19:46:30,浅野堅一,rose 3,https://drive.google.com/open?id=1uxNx7NRErj2rk9Crgn18FH_hekQgMZ0B,"¥55,000",1/10,インクジェットプリント　マット紙,2025,あり,400×500mm,あり,420×520×30,なし,,240070065,登録済,登録済,,,
2026/01/19 19:49:42,浅野堅一,rudbeckia russet glow 1,https://drive.google.com/open?id=1Z7ASyJgIrk5GvsTX1lzcjMzjddhL4c31,"¥55,000",1/10,インクジェットプリント　マット紙,2025,あり,400×500mm,あり,420×520×30,なし,,240070066,登録済,登録済,,,
2026/01/21 16:50:56,MASUMI FRAGIO,"""sonnensamen""",https://drive.google.com/open?id=1a3rUtNMRD5xd3Vi-PPZkKS1XgzwrnLA6,"¥150,000",1/1,アクリル絵の具、粘土、ベルリンで見つけた木材,2017,あり,H450×W61×D30,なし,,なし,"2017年にベルリンで個展を開催した際の、メインビジュアル、展示会タイトルになった特別な作品です。唯一ベルリンから持ち帰る事が出来た作品です。
2026/1/25　売価変更：200,000⇒150,000",260020001,完売,完売,,,
2026/01/21 21:58:49,SASAKI Ayaka,蒼翠の鉱脈（そうすいのこうみゃく）,https://drive.google.com/open?id=161RVheU4BTgXX9tcNkBwO-wkQW89gHdx,"¥90,000",1/1,アクリル絵具、テクスチャー、キャンバス,2026年,あり,H410×W530×D20,なし,,なし,,250030031,完売,登録済,,,
2026/01/22 11:13:15,MASUMI FRAGIO,integral,https://drive.google.com/open?id=1r9Ek16EpBNtvdtrpQGdkgVqAnJIUQ-q7,"¥380,000",1/1,"acrylic,oil pastel, charcoal, on canvas",2024,あり,H990 x W1400 × D20,なし,,なし,木枠の歪みが発生してしまっていますので、早急に直します。,260020002,登録済,登録済,,,
2026/01/28 13:24:44,MASUMI FRAGIO,"A Small God Sat on Me - Morning, Cancelled -",https://drive.google.com/open?id=1Pub8rngOnq6shv5R7m-PnxPE3CYZJhBU,"¥120,000",1/1,acrylic on wood canvas,2019,あり,H750×W455×D40,なし,,なし,,260020003,登録済,登録済,,,
2026/01/28 13:27:28,MASUMI FRAGIO,"A Small God Sat on Me - Stillness, Approved -",https://drive.google.com/open?id=1rWB7jtj1ku4v3GTgW3WJFssIyuS-7LYw,"¥120,000",1/1,acrylic on wood canvas,2019,あり,H750 W455 D40,なし,,なし,,260020004,登録済,登録済,,,
2026/01/28 13:40:13,MASUMI FRAGIO,The One Who Knows,https://drive.google.com/open?id=1LakBoIEQ9dp0nYVo_TqxiZaUy3z_5Xrg,"¥55,000",1/1,"acrylic, clay on wood canvas",2016,あり,H300 W300 D30,なし,,なし,,260020005,登録済,登録済,,,
2026/01/28 13:53:55,MASUMI FRAGIO,Hear Me,https://drive.google.com/open?id=1eU3V2dRFq7LRiWCatbLEhjBBzdmdaaJw,"¥33,000",1/1,acrylic on paper,2022,あり,H255 W80,あり,H330 W240 D10,なし,,260020006,登録済,登録済,,,
2026/02/04 22:06:36,SASAKI Ayaka,蒼翠の鉱脈（そうすいのこうみゃく）丸型20cm,https://drive.google.com/open?id=1fdJCoCD6He_3pDVGA5On1KYM1Rp6Xkc5,"¥18,000",1/1,アクリル絵具、レジン、テクスチャー、キャンバス,2026年,あり,丸型直径20cm×D20,なし,,なし,,250030032,完売,完売,,,
2026/02/04 22:08:03,SASAKI Ayaka,蒼翠の鉱脈（そうすいのこうみゃく）丸型20cm,https://drive.google.com/open?id=1r4wMTJ5zA3okdWU9qKc5Cli-D8ecCawE,"¥18,000",1/1,アクリル絵具、レジン、テクスチャー、キャンバス,2026,あり,丸型直径20cm×D20,なし,,なし,,250030033,登録済,登録済,,,
2026/02/04 22:09:38,SASAKI Ayaka,蒼翠の鉱脈（そうすいのこうみゃく）丸型25cm,https://drive.google.com/open?id=1nyMsTg9GaJG6Li9nUD0--ir4oMjkygJX,"¥28,000",1/1,アクリル絵具、レジン、テクスチャー、キャンバス,2026,あり,丸型直径25cm×D20,なし,,なし,,250030034,完売,完売,,,
2026/02/04 22:11:22,SASAKI Ayaka,蒼翠の鉱脈（そうすいのこうみゃく）丸型25cm,https://drive.google.com/open?id=1wpNZIfl7wdKmowWxDUkiRMPkU4Q3YJS_,"¥25,000",1/1,アクリル絵具、レジン、テクスチャー、キャンバス,2026,あり,丸型直径25cm×D20,なし,,なし,,250030035,完売,登録済,,,
2026/02/04 22:12:45,SASAKI Ayaka,蒼翠の鉱脈（そうすいのこうみゃく）丸型30cm,https://drive.google.com/open?id=1QPg1i5WSfh3Up09Bx1mwr-9v52K270jv,"¥38,000",1/1,アクリル絵具、レジン、テクスチャー、キャンバス,2026,あり,丸型直径30cm×D20,なし,,なし,,250030036,登録済,登録済,,,
2026/02/04 22:14:08,SASAKI Ayaka,蒼翠の鉱脈（そうすいのこうみゃく）丸型直径30cm,https://drive.google.com/open?id=1I4uVQASfxdOuh0yhrjJzLVUxHr1jQMt6,"¥38,000",1/1,アクリル絵具、レジン、テクスチャー、キャンバス,2026,あり,丸型直径30cm×D20,なし,,なし,,250030037,登録済,登録済,,,
2026/02/16 12:42:54,SASAKI Ayaka,Pulse of Existence.（オーダー作品）,https://drive.google.com/open?id=1PfnOdc9KEkIKTPgXpbNVgN6X1J0fDuwr,"¥28,000",1/1,アクリル絵具、テクスチャー、キャンバス,2026年,あり,丸型直径25cm×D20,なし,,なし,,250030038,完売,完売,,,
2026/03/01 16:34:24,手嶋勇気,本川,https://drive.google.com/open?id=13EHe8aXXvV9mm-4n14Td_W_vC_EXdzg_,"¥60,000",1/1,アクリル、キャンバス,2025,あり,H190×W274,なし,,なし,作品が販売された場合、購入者の連絡先を控えて欲しいです。,260050001,登録済,登録済,,,
2026/03/01 16:37:06,手嶋勇気,"Study for ""AID""",https://drive.google.com/open?id=1RHo9trcZq_KP3wAWOwPxk93cORABffkm,"¥40,000",1/1,油彩、キャンバス,2019,あり,H182×W140,なし,,なし,,260050002,登録済,登録済,,,
2026/03/01 16:40:26,手嶋勇気,柳原義達のハト,https://drive.google.com/open?id=1wGvLJALqJDEWsz-QYm5PwjVz1TRKflgq,"¥88,000",1/1,アクリル、キャンバス,2024,あり,H400×W400,なし,,なし,,260050003,登録済,登録済,,,
2026/03/01 16:43:37,手嶋勇気,柳原義達のハト,https://drive.google.com/open?id=1-E4HZBulm7dTbvSyQu84kGc5StojX2Mf,"¥80,000",1/1,アクリル、キャンバス,2024,あり,H400×W400,なし,,なし,,260050004,登録済,登録済,,,
2026/03/03 14:49:10,八嶋洋平,桜トリオ,https://drive.google.com/open?id=19JNTk9tjJHrrfVqhPVZxmMm9g_X9ieYk,"¥132,000",1/1,油彩、キャンバス、パネル,2026,あり,190×273mm,なし,,なし,＊額装は要相談,260040001,登録済,登録済,,,
2026/03/03 14:53:31,八嶋洋平,波トリオ,https://drive.google.com/open?id=1GUaeTY3zlmOEubwtQIAb24ci9fhOzPPO,"¥132,000",1/1,油彩、キャンバス、パネル,2026,あり,220×273mm,なし,,なし,＊額装は要相談,260040002,登録済,登録済,,,
2026/03/03 14:55:19,八嶋洋平,こころ,https://drive.google.com/open?id=1A2yvs8X_HtZ4Z5NP0MW-HMu84rD6-PPh,"¥132,000",1/1,油彩、キャンバス、パネル,2026,あり,273×190mm,なし,,なし,＊額装は要相談,260040003,登録済,登録済,,,
2026/03/12 15:15:00,井上朝美,Tina,https://drive.google.com/open?id=1yaxQZ5F3kSdwfkdKBWgJyxvSYyn3AO3s,"¥33,000",1/1,墨、アクリル絵の具、アルシュ紙、木製パネル,2026年,なし,H330×W330×D20mm,なし,,なし,,250050016,完売,完売,,,
2026/03/18 10:49:16,MASUMI FRAGIO,還りの記憶,https://drive.google.com/open?id=1cm1tnbO8tf8CYJajZC-RNgrG7LbWM9uA,"¥88,000",1/1,アクリル絵具、木製キャンバス,2026,あり,450×300,なし,,なし,,260020007,登録済,登録済,,,
2026/03/18 10:55:55,MASUMI FRAGIO,春風に揺れる,https://drive.google.com/open?id=1OKE49tea1hZcEYnCGJWcUc2l29LUDlLB,"¥72,000",1/1,アクリル絵具、木製キャンバス,2026,なし,450×300,なし,,なし,,260020008,登録済,登録済,,,
2026/03/18 11:03:11,MASUMI FRAGIO,PLAY,https://drive.google.com/open?id=1uGez4WxBFJBG7ZADnze5OSuWIfXJ7y7C,"¥185,000",1/1,アクリル絵具、木製キャンバス,2022,あり,820×920,なし,,なし,,260020009,登録済,登録済,,,
2026/03/18 11:05:29,MASUMI FRAGIO,振動オーガニック,https://drive.google.com/open?id=1nGrh1FUpKGxYe7G1I1-LQGpVGodPEdmM,"¥185,000",1/1,アクリル絵具、木製キャンバス,2022,あり,820×920,なし,,なし,,260020010,登録済,登録済,,,
2026/03/18 11:09:43,MASUMI FRAGIO,vivid and humid,https://drive.google.com/open?id=1gSZWWlc3IDzp96bdy_-w2xpnQIkL8kMD,"¥380,000",1/1,アクリル絵具、キャンバス,2024,あり,H990 x W1400 × D20,なし,,なし,,260020011,登録済,登録済,,,
2026/03/18 11:12:39,MASUMI FRAGIO,under current,https://drive.google.com/open?id=1lIQ9JYbh4LyiDeWNkddz5dYwcYfBGgkr,"¥88,000",1/1,アクリル絵具、キャンバス,2024,あり,38 cm x 46 cm,なし,,なし,,260020012,登録済,登録済,,,
2026/03/18 11:14:54,MASUMI FRAGIO,しない約束の約束,https://drive.google.com/open?id=1h_aX5Tekf-cQNhqF7I6DilJ5vJjmNrPz,"¥50,000",1/1,アクリル絵具、木製キャンバス,2022,あり,300×300,なし,,なし,"2026/03/23 アーティストからの希望により売価変更58,000円⇒50,000円",260020013,完売,完売,,,
2026/03/18 11:17:06,MASUMI FRAGIO,在る,https://drive.google.com/open?id=17ZFOhbDiyjDGDUx5OfSB-Aeg4-k4BkVs,"¥50,000",1/1,アクリル絵具、木製キャンバス,2022,あり,300×300,なし,,なし,,260020014,登録済,登録済,,,
2026/03/18 11:18:40,MASUMI FRAGIO,牧場ケーキ,https://drive.google.com/open?id=1JCWan0xMwcc2h9e8ZjiSFsHbyb-gaQOL,"¥50,000",1/1,アクリル絵具、木製キャンバス,2022,あり,300×300,なし,,なし,,260020015,登録済,登録済,,,
2026/03/18 11:21:12,MASUMI FRAGIO,無題,https://drive.google.com/open?id=18cHVIfInSwjOM-SI-PDqSDnDnieeMPkl,"¥72,000",1/1,アクリル絵具、木製キャンバス,2026,あり,450×300,なし,,なし,,260020016,登録済,登録済,,,
2026/03/18 11:24:14,MASUMI FRAGIO,無題,https://drive.google.com/open?id=1H-DyOYHNlj1aH8AHC0QjQEoT6D9edezn,"¥72,000",1/1,アクリル絵具、木製キャンバス,2026,あり,450×300,なし,,なし,,260020017,登録済,登録済,,,
2026/03/18 11:27:03,MASUMI FRAGIO,きみは、たからもの,https://drive.google.com/open?id=1GJas2JGn3x87TOq3PU5IXghe031Vfnc4,"¥122,000",1/1,アクリル絵具、木製キャンバス,2026,あり,910×450,なし,,なし,,260020018,登録済,登録済,,,
2026/03/18 11:28:25,MASUMI FRAGIO,ハミングバード,https://drive.google.com/open?id=1xxszkKtRd-Gk_FQ-L6_AXrbnlyBpB7gO,"¥50,000",1/1,アクリル絵具、木製キャンバス,2022,あり,300×300,なし,,なし,,260020019,完売,完売,,,
2026/03/18 11:30:08,MASUMI FRAGIO,ちいさな発明家,https://drive.google.com/open?id=1vHw-CmwafaCmNo2dKDNnyKuXB_-4gdcP,"¥50,000",1/1,アクリル絵具、木製キャンバス,2022,あり,300×300,なし,,なし,,260020020,登録済,登録済,,,
2026/03/18 11:36:48,MASUMI FRAGIO,episode,https://drive.google.com/open?id=1-4hzCh3plwbhdrn_ABx8FJFkshWJdkEB,"¥88,000",1/1,アクリル絵具、キャンバス,2024,あり,45.5 cm x 53 cm,なし,,なし,,260020021,登録済,登録済,,,
2026/03/18 11:39:51,MASUMI FRAGIO,for that,https://drive.google.com/open?id=1SxIMDTXMHF1zY5iw2M-Xs15W66KleKKB,"¥58,000",1/1,アクリル絵具、キャンバス,2024,あり,38 cm x 46 cm,なし,,なし,,260020022,登録済,登録済,,,
2026/03/18 11:41:15,MASUMI FRAGIO,odor,https://drive.google.com/open?id=1M-hjEJrMyiYuskoSPHMI6sZaoRkPwoor,"¥88,000",1/1,アクリル絵具、キャンバス,2024,あり,45.5 cm x 53 cm,なし,,なし,,260020023,登録済,登録済,,,
2026/03/18 11:42:39,MASUMI FRAGIO,murmuring,https://drive.google.com/open?id=1xUWICd2pMpWt0H3zoi0xRszBQFKdNknR,"¥88,000",1/1,アクリル絵具、キャンバス,2024,あり,45.5 cm x 53 cm,なし,,なし,,260020024,登録済,登録済,,,
2026/03/18 11:43:57,MASUMI FRAGIO,perfume,https://drive.google.com/open?id=1MigKZ_hd809ld1xItva3OQKUTNEN_9jO,"¥58,000",1/1,アクリル絵具、キャンバス,2024,あり,38 cm x 46 cm,なし,,なし,,260020025,登録済,登録済,,,
2026/03/21 13:26:26,MASUMI FRAGIO,LIVE PAINT 2026.3.20〜3.22,https://drive.google.com/open?id=1v7RDkA2PCRKF6ezFRxvpJGGPfXyvjoNh,"¥30,000",1/10,アクリル絵具、キャンバス,2026.3.20〜3.22,あり,450×600,なし,,あり,"個展　還りの記憶　Opening event ""PULSE""にて行われたLIVE PAINTING の作品の一部",260020026,登録済,完売,,10/10 販売済,
2026/04/04 9:36:41,宮本拓也,"takuya miyamoto  Solo Exhibition ""anniversary flower""一輪の花と感謝",https://drive.google.com/open?id=1kbMyQkYmwyhTcXHJTULqrRIpoKyB-WaN,"¥22,000",366,アクリル絵具、キャンバス,2026,あり,size:F0号227✖︎158,なし,,なし,キャプションは1月1日-12月31日　2月29日を含む366枚作っていただきたいです。,240020200,登録済,売止,,84/366 販売済,
2026/04/10 10:33:38,宮本拓也,A Flower Garden for 366 Days,https://drive.google.com/open?id=1JRaFGxONpyLmri8BTWYVbo26Hc7IayoW,"¥498,000",1/1,アクリル絵具　キャンバス,2026,あり,S30号910✖︎910,なし,,なし,,240020201,登録済,登録済,,,
2026/05/08 17:58:39,SASAKI Ayaka,蒼翠鉱脈,https://drive.google.com/open?id=1XKsZHx96Q0mXXgUAMDOpC5TcG1fawq5V,"¥28,000",1/1,アクリル絵の具、粘土、テクスチャー、キャンバス,2026,あり,Ø250×D20mm,なし,,なし,,250030039,登録済,登録済,,,
2026/05/08 18:01:03,SASAKI Ayaka,蒼翠鉱脈,https://drive.google.com/open?id=1MRxxXd3WcVKISa9rRGIUC3Tic4s8Kswm,"¥38,000",1/1,アクリル絵具、粘土、テクスチャー、キャンバス,2026,あり,Ø300×D20mm,なし,,なし,,250030040,登録済,登録済,,,
2026/05/08 18:25:34,SASAKI Ayaka,火月の地脈,https://drive.google.com/open?id=1kJNVVwvSn0mRw0iApQyPmshNC7oxk55d,"¥38,000",1/1,アクリル絵具、テクスチャー、レジン、キャンバス,2026,あり,Ø300×D20mm,なし,,なし,,250030041,登録済,登録済,,,
2026/05/27 12:27:44,大沼寛明,クラウドくんファミリー1,https://drive.google.com/open?id=19_Q9PnISApPUR8tMZv4ewp0DZjH-UnpQ,"¥60,000",1/1,クレヨン、キャンバス,2026,あり,H530xW530xD20mm,なし,,なし,,240110081,登録済,登録済,,,
2026/05/27 12:29:15,大沼寛明,クラウドくんファミリー2,https://drive.google.com/open?id=1bEmx5Jk31yQZm2N31z_d5_k3GHDMZ22O,"¥60,000",1/1,クレヨン、キャンバス,2026,あり,H530xW530xD20mm,なし,,なし,,240110082,完売,完売,,,
2026/05/27 12:30:32,大沼寛明,クラウドくんファミリー3,https://drive.google.com/open?id=1Io8eFS5N0y6TP2ruaYVEBFtkPTwxui7q,"¥60,000",1/1,クレヨン、アクリル絵具、キャンバス,2026,あり,H530xW530xD20mm,なし,,なし,,240110083,登録済,登録済,,,
2026/05/27 12:33:57,大沼寛明,クラウドくんソフビラブアンドピース,https://drive.google.com/open?id=1vEQZ0dOblAxXZhIPOk7ed7JE23vj8f0e,"¥88,000",1/1,油絵具、キャンバス,2026,あり,H530 × W410 x D20mm,なし,,なし,,240110084,登録済,登録済,,,
2026/05/27 12:35:47,大沼寛明,クラウドくんファミリー (嵐が来る夜に),https://drive.google.com/open?id=1wi2dZ1T9bgbj6wspp6l_qazzE1XFz0KQ,"¥110,000",1/1,油絵具、スプレー、キャンバス,2026,あり,H910 × W727 xD25,なし,,なし,,240110085,登録済,登録済,,,
2026/05/27 12:38:08,大沼寛明,クラウドくんファミリー (俺の魂はまだまだ燃える),https://drive.google.com/open?id=1XC2vblqbysBGjOi6IhKoHB3OxgkMUxoO,"¥100,000",1/1,油絵具、キャンバス,2026,なし,H727 × W606 x D25,なし,,なし,,240110086,登録済,登録済,,,
2026/05/27 12:40:14,大沼寛明,クラウドくんファミリー (パズルを解いた先に何が見える？),https://drive.google.com/open?id=1fy4Admif5lnMwvSU2iLalF39DB7PaZKd,"¥88,000",1/1,油絵具、スプレー、キャンバス,2026,あり,H530 × W410 x D25,なし,,なし,,240110087,登録済,登録済,,,
2026/05/27 12:48:36,大沼寛明,クラウドくんの大冒険,https://drive.google.com/open?id=1f0L8YHMoGtdg4kr_S-KXdLJwCwMO4vkK,"¥880,000",1/1,スプレー、キャンバス,2026,あり,H1303 x W1621 × D25mm を2枚,なし,,なし,,240110088,登録済,登録済,,,
2026/05/27 12:52:46,大沼寛明,クラウドくん1〜5,https://drive.google.com/open?id=1Ovyo4GYFb0Q7tKz2-2uBXw_Qx00GvVtV,"¥12,000",1/1,スプレー、油絵具、キャンバス,2026,あり,H158 x W227 x D25mm,なし,,なし,,240110089,登録済,登録済,,,
2026/05/27 12:55:56,大沼寛明,トリくん1〜4,https://drive.google.com/open?id=1syu65i20w6jPEDT1zWUc6Rsuc8kwSgMu,"¥12,000",1/1,油絵具、スプレー、キャンバス,2026,あり,H227 × W158 x D25mm,なし,,なし,,240110090,登録済,登録済,,,
2026/05/27 12:58:03,大沼寛明,いつも無邪気なトラくん,https://drive.google.com/open?id=1NOinQC2ZFdx-0SPM50zmEmkZ0oYy-xyb,"¥12,000",1/1,油絵具、スプレー、キャンバス,2026,あり,H227 × W158 x D25mm,なし,,なし,,240110091,登録済,登録済,,,
2026/05/27 13:03:23,大沼寛明,２つの心、４つの目,https://drive.google.com/open?id=13k61hiAFo4VCtbN3kQFzo1hgEhXu6E5y,"¥22,000",1/1,アクリル絵具、キャンバス,2026,あり,H333 × W242 x D25mm,なし,,なし,,240110092,登録済,登録済,,,
2026/05/27 13:06:05,大沼寛明, 輪になって踊ろう,https://drive.google.com/open?id=1zK3bw_l8seZceKMM191NZQ_MM4pBe9zJ,"¥22,000",1/1,アクリル絵具、キャンバス,2026,あり,H333 × W242 x D25mm,なし,,なし,,240110093,登録済,登録済,,,
2026/05/27 13:09:41,大沼寛明,捕まえておこう,https://drive.google.com/open?id=1NOUb1IPUUNTC3sWkSoYAmDTouGlvyISV,"¥22,000",1/1,アクリル絵具、キャンバス,2025,あり,H333 × W242 x D20mm,なし,,なし,,240110094,完売,完売,,,
2026/05/27 13:20:22,大沼寛明,ホログラムクラウドくんファミリー1-5,https://drive.google.com/open?id=1RXBRKgcefR_ydw0SilMgrUv3jXvUx1A7,"¥30,000",1/1,ホログラムファブリック、ガムテープ、ペイント,2026,あり,H530 × w455 x D25mm,なし,,なし,,240110095,登録済,登録済,,,
2026/05/27 16:39:54,大沼寛明,心のお守り1-15,https://drive.google.com/open?id=16LYgFSIv7LI7eK2-nFtxn0SkU7tVO2ta,"¥22,000",1/1,アクリル絵具、キャンバス,2025,あり,H333 × W242 x D25mm ,なし,,なし,,240110096,登録済,登録済,,2/15 販売済,1/15 販売済
2026/05/27 17:18:12,大沼寛明,クラウドくんヒーローシリーズ青　,https://drive.google.com/open?id=14OPwI2xUQF7cR7eDfJuN6dIRtaK6bu98,"¥25,000",1/1,アクリル絵具、キャンバス,2025,あり,H333 × W242 x D25mm,なし,,なし,,240110097,完売,完売,,,
2026/05/27 17:19:21,大沼寛明,クラウドくんヒーローシリーズ黄色,https://drive.google.com/open?id=1UgcZnnkgFkiPF9-AoXhqByIN7d2BgTyw,"¥25,000",1/1,アクリル絵具、キャンバス,2025,あり,H333 × W242 x D25mm,なし,,なし,,240110098,登録済,登録済,,,
2026/05/27 17:24:49,大沼寛明,クラウドくんの神話 (始まりはなんでもないことだった),https://drive.google.com/open?id=1jT4Q50oC8BZu2ZTuJTDk7WSrDh1K7Oia,"¥158,000",1/1,油絵具、キャンバス,2026,あり,H606 x W727 x D25mm ,なし,,なし,,240110099,登録済,登録済,,,
2026/05/27 17:27:07,大沼寛明,クラウドくんスティルライフ,https://drive.google.com/open?id=1X_9x9--_iwHW_wpSqaYH7MTb3GxwQmdu,"¥138,000",1/1,油絵具、キャンバス,2026,あり,H530 x W727 x D25mm,なし,,なし,,240110100,登録済,登録済,,,
2026/05/27 17:29:30,大沼寛明,子供が寝たらいいことがあるって聞いたけどほんと？,https://drive.google.com/open?id=1UQtwUb-Bhp2poKRbsHT6zBfITmA4y9E3,"¥65,000",1/1,油絵具、クレヨン、キャンバス,2026,あり,H410 x W530 x D25mm,なし,,なし,,240110101,完売,完売,,,
2026/05/27 17:33:50,大沼寛明,クラウドくんファミリー (コインランドリー壁画ラブアンドピース),https://drive.google.com/open?id=17QYgUwkN2W-vt4GVVZeKyxKaDJwOMeZK,"¥65,000",1/1,油絵具、キャンバス,2026,あり,H410 x W530 x D25mm,なし,,なし,,240110102,登録済,登録済,,,
2026/05/27 17:35:50,大沼寛明,クラウドくんファミリー (周防大島壁画),https://drive.google.com/open?id=1UY6Aqgl6ZEYRW1-2TQZcUxhm4whAFjkV,"¥65,000",1/1,油絵具、キャンバス,2026,あり,H410 x W530 x D25mm,なし,,なし,,240110103,登録済,登録済,,,
2026/06/01 11:54:50,大沼寛明,一瞬の永遠を共に,https://drive.google.com/open?id=1-s2DTnrJL8Eiq5hHhgpTUqCVGh4XUQdw,"¥33,000",1/1,油絵具、キャンバス,2026,あり,H242 x W333 x D25,なし,,なし,,240110104,登録済,登録済,,,
2026/06/01 12:02:14,大沼寛明,クラウド三兄弟,https://drive.google.com/open?id=1zL0JYLxYnN1t5eRTiADKgkUgNWhy3Y22,"¥33,000",1/1,油絵具、キャンバス,2026,あり,H180 x W510 x D25,なし,,なし,,240110105,登録済,登録済,,,
2026/06/01 12:04:46,大沼寛明,あたたかいきもち,https://drive.google.com/open?id=1g_C9_Z3RPRF9hx35bJ8r8-73VE3cfCAQ,"¥36,000",1/1,油絵具、キャンバス,2026,あり,H200 x W510 xD25mm,なし,,なし,,240110106,登録済,登録済,,,
2026/06/01 12:06:57,大沼寛明,希望,https://drive.google.com/open?id=1Q5cZM9EoIPtG7uZtcgWggdqW6bk2391-,"¥35,000",1/1,油絵具、キャンバス,2026,あり,H250 x W420 x D25mm,なし,,なし,,240110107,登録済,登録済,,,
2026/06/01 12:09:13,大沼寛明,心のお守り　ピンク,https://drive.google.com/open?id=1029T7WCzv9H9UffqoqLv7ywKrVtBq7xD,"¥80,000",1/1,油絵具、キャンバス,2026,あり,H333 x W242 x D25mm,なし,,なし,,240110108,登録済,登録済,,,
2026/06/01 12:10:21,大沼寛明,心のお守り　青,https://drive.google.com/open?id=1UlTgxQFgL7lm6LmKxh6jQJwWNB4dbo2a,"¥80,000",1/1,油絵具、キャンバス,2026,あり,H333 x W242 x D25mm,なし,,なし,,240110109,登録済,登録済,,,
2026/06/01 12:11:45,大沼寛明,心のお守り　山を越えていけば,https://drive.google.com/open?id=12bunqV9qDUO951K3sTWNySy98nfbeaBK,"¥80,000",1/1,油絵具、レジン、キャンバス,2026,あり,H333 x W242 x D25mm,なし,,なし,,240110110,登録済,登録済,,,
2026/06/01 17:14:08,大沼寛明,明日の太陽,https://drive.google.com/open?id=1PlzEjJXxazlxZUNFhsYQligFKLUoxD4N,"¥30,000",1/1,油絵具、キャンバス,2026,あり,H200 x W420 x D25mm,なし,,なし,,240110111,完売,完売,,,
2026/06/26 15:47:05,井上朝美,食べ物箱庭（小冊子ZINE）,https://drive.google.com/open?id=1nAde2K9HZMlV3tvseskwuQNI40uNzKQY,"¥1,800",1/100,紙,2026年,なし,B5サイズ,なし,,なし,,250050017,登録済,未登録,,36/100 販売済,
2026/06/27 10:24:48,井上朝美,sushi犬,https://drive.google.com/open?id=1UY4hb-sgztqebakCL2tt-3IMOT3pX9Dm,"¥60,000",1/1,アクリル絵の具、キャンバス,2012年,あり,F3号（縦 22.0cm × 横 27.3cm）,あり,F3号用のキャンバスを浮かせる「ボックス額（立体額）」,なし,"額装にガラス板が使用されています。アクリル板を希望する場合、別途料金が発生します。
2026/8/10 重複登録のため売止",250050018,売止,,,,
2026/06/27 10:28:23,井上朝美,agari犬,https://drive.google.com/open?id=1Kb-VBj5NxYoOH8b83H93f5pKEsvQ-udh,"¥60,000",1/1,アクリル絵の具、キャンバス,2012年,あり,F3号（縦 27.3cm × 横 22.0cm）,あり,F3号用のキャンバスを浮かせて見せる「ボックス額（立体額）」,なし,"額装の一部にガラス板を使用しています。アクリル板に変更する場合、別途費用がかかります。
2026/8/10 重複登録のため売止",250050019,売止,,,,
2026/06/27 20:56:41,井上朝美,食べ物箱庭　dorayaki,https://drive.google.com/open?id=16CE3i4_BhLKcpg-z2eODGb-POOt5CQIr,"¥120,000",1/1,水彩絵の具、イラストボード,2026年,あり,縦625×横475×奥行き55mm,あり,,なし,作品サイズが額装込みのサイズです,250050020,登録済,,,,
2026/07/17 11:41:07,八嶋洋平,ORIZURU ｜1-10,https://drive.google.com/open?id=1uiC4n0kf_P-YZhsK5qQhKccSGzeJaWp1,"¥330,000",1/1,油彩、折り鶴再生紙、キャンバス、パネル,2026,あり,H53×W45.5cm,なし,,なし,,260040004,登録済,,,,
2026/07/17 11:43:40,八嶋洋平,ORIZURU ｜ 2-7-1,https://drive.google.com/open?id=1xZ3jMIKuu2XPuWYReEGKcKg8ljEuPzls,"¥330,000",1/1,油彩、折り鶴再生紙、キャンバス、パネル,2026,あり,H53×W45.5cm,なし,,なし,,260040005,登録済,,,,
2026/07/17 11:46:00,八嶋洋平,ORIZURU ｜ 2-7-2,https://drive.google.com/open?id=179UDW0HXtRaEvNtNJBl-hTFqY0ySzqr5,"¥330,000",1/1,油彩、折り鶴再生紙、キャンバス、パネル,2026,あり,H53×W45.5cm,なし,,なし,,260040006,登録済,,,,
2026/07/17 11:47:38,八嶋洋平,ORIZURU｜ 2-7-3,https://drive.google.com/open?id=1NclxNhqxRXqK4Z41g_K6D7o8mtkGZeFO,"¥330,000",1/1,油彩、折り鶴再生紙、キャンバス、パネル,2026,あり,H53×W45.5cm,なし,,なし,,260040007,登録済,,,,
2026/07/17 11:53:38,八嶋洋平,Kiss,https://drive.google.com/open?id=1IxgnpfA0f6bBkromm1cHNjm6p73K48GJ,"¥44,000",1/1,油彩、キャンバス,2019,あり,H13×W18cm,なし,,なし,,260040008,登録済,,,,
2026/07/17 11:55:20,八嶋洋平,Self Kiss,https://drive.google.com/open?id=11hAQuEpH3OjEA7Q6E9ijjCErjiiKoSg3,"¥44,000",1/1,油彩、キャンバス,2019,あり,H13×W18cm,なし,,なし,,260040009,登録済,,,,
2026/07/17 11:58:09,八嶋洋平,drawing - ORIZURU 01,https://drive.google.com/open?id=1nKSqUBAdHfhTJvY3s3S9ZyexosWNwhV-,"¥33,000",1/1,鉛筆、水彩、折り鶴再生紙,2026,あり,H18×W13cm,あり,H18.6×W13.5×D4cm,なし,,260040010,登録済,,,,
2026/07/17 12:00:25,八嶋洋平,drawing - ORIZURU 02,https://drive.google.com/open?id=1TUjfXWJJTssghGLp4tdUEOfBu-uR9waU,"¥33,000",1/1,鉛筆、水彩、折り鶴再生紙,2026,あり,H18×W13cm,あり,H18.6×W13.5×D4cm,なし,,260040011,登録済,,,,
2026/07/17 12:02:40,八嶋洋平,drawing - ORIZURU 03,https://drive.google.com/open?id=1lDRShKiQZmTW3KGW3x1VSZjDwz2A6q29,"¥33,000",1/1,鉛筆、水彩、折り鶴再生紙,2026,あり,H18×W13cm,あり,H18.6×W13.5×D4cm,なし,,260040012,完売,,,,
2026/07/17 12:04:28,八嶋洋平,drawing - Girl,https://drive.google.com/open?id=1aannjQCQfsrJSZVrcmdQM_oGvnf_75_9,"¥33,000",1/1,鉛筆、水彩、折り鶴再生紙,2026,あり,H18×W13cm,あり,H18.6×W13.5×D4cm,なし,,260040013,完売,,,,
2026/07/30 15:32:24,井上朝美,水の部屋,https://drive.google.com/open?id=17Z3BFduxEV3eb3Ht70nDZm7ZbEnp07e2,"¥100,000",1/1,アクリル絵具、墨汁、顔彩、水彩絵具、水彩紙、木製パネル,2026,なし,縦650×横650×奥行き20mm,なし,,なし,,250050021,登録済,,,,
2026/07/30 15:34:32,井上朝美,琥珀色の残響,https://drive.google.com/open?id=1oDTm-1R3IeMCvfVZmilU-PejR1WBMkIV,"¥100,000",1/1,アクリル絵具、墨汁、顔彩、水彩絵具、水彩紙、木製パネル,2026年,なし,縦650×横650×奥行き20mm,なし,,なし,,250050022,登録済,,,,
2026/07/30 15:36:41,井上朝美,真夜中のパトス,https://drive.google.com/open?id=1mK2BW-GAO0kdKzsnWeUY86VFA3q8aTCJ,"¥100,000",1/1,アクリル絵具、墨汁、顔彩、水彩絵具、水彩紙、木製パネル,2026年,なし,縦650×横650×奥行き20mm,なし,,なし,,250050023,登録済,,,,
2026/07/30 15:39:32,井上朝美,食べ物箱庭 dorayaki,https://drive.google.com/open?id=1YCGhqD2VtKlJhw3zg8kaXGZJCsMBDOeU,"¥120,000",1/1,水彩絵具、イラストボード、ボックス額装,2026年,あり,縦625×横475×奥行き55mm,あり,,なし,"作品サイズが額装込みのサイズです
2026/7/30 重複登録のため未登録",,未登録,,,,
2026/07/30 15:41:26,井上朝美,食べ物箱庭 anagomeshi,https://drive.google.com/open?id=1O2RpwThZygQ0lR1fkjmryn14ONTA5nLU,"¥120,000",1/1,水彩絵具、イラストボード、ボックス額装,2026,あり,縦625×横475×奥行き55mm,あり,,なし,作品サイズが額装含めたサイズです。,250050024,登録済,,,,
2026/07/30 15:43:35,井上朝美,食べ物箱庭 okonomiyaki,https://drive.google.com/open?id=113OU3qVpPyhSlZlfnAfve59Ls5OcyQgV,"¥120,000",1/1,水彩絵具、イラストボード、ボックス額装,2026年,あり,縦625×横475×奥行き55mm,あり,,なし,作品サイズが額装込みのサイズです。,250050025,登録済,,,,
2026/08/07 16:57:49,井上朝美,agari犬,https://drive.google.com/open?id=1Q7c9-2iIT-YEIkBZN7wqs8V057m2uPsm,"¥60,000",1/1,アクリル絵具、キャンバス、ボックス額装,2012年,あり,F3号（縦 27.3cm × 横 22.0cm）,あり,縦385×横330×奥行45mm,なし,ガラス板を使っているので扱いにご注意下さい。,250050026,登録済,,,,
2026/08/07 17:00:01,井上朝美,sushi犬,https://drive.google.com/open?id=1MLjTiRX2-Ue2KRIc7afbzjYRd-vbMB2F,"¥60,000",1/1,アクリル絵具、キャンバス、ボックス額装,2012年,あり,F3号（縦 22.0cm × 横 27.3cm）,あり,横385×縦330×奥行45mm,なし,ガラス板を使用している為、扱いにご注意下さい。,250050027,登録済,,,,
2026/08/14 14:25:38,手嶋勇気,AID#2,https://drive.google.com/open?id=1HIXn22yatDBFHM5-WiH0AysmfAWGU20s,"¥124,000",1/1,油彩、キャンバス,2019,あり,w380×h455mm,なし,,なし,キャプション作成済み,260050005,登録済,,,,
2026/08/14 14:28:11,手嶋勇気,Study for “AID”,https://drive.google.com/open?id=13eC2L9roTRsS89qv2Ty2eqKE6gTHaovF,"¥40,000",1/1,油彩、キャンバス,2019,あり,w184×h140mm,なし,,なし,キャプション作成済み,260050006,登録済,非公開,,,
2026/08/14 14:34:54,手嶋勇気,"What comes to your mind? Right here, standing in this place. (AID#27)",https://drive.google.com/open?id=1APdoE-ZaLxFEZNsoWpZie1_poSnXXvb8,"¥1,885,000",1/1,油彩、キャンバス,2021,あり,w4850×h1939mm  (970×1939mm×5),なし,,なし,キャプション作成済み,260050007,登録済,,,,
2026/08/14 14:37:09,手嶋勇気,AID#63,https://drive.google.com/open?id=16XHklgps9NVE4Otf_c5o_pvmGBAWFC21,"¥104,000",1/1,アクリル絵具、キャンバス,2023,あり,w410×h273mm,なし,w410×h273mm,なし,キャプション作成済み,260050008,登録済,,,,
2026/08/14 14:41:03,手嶋勇気,AID#78,https://drive.google.com/open?id=1QeWsM-ooqO85EEvRjr0KaGfqjoq80o2R,"¥124,000",1/1,アクリル絵具、キャンバス,2025,なし,w455×h333mm,なし,,なし,キャプション作成済み,260050009,登録済,,,,
2026/08/14 14:44:03,手嶋勇気,AID#79,https://drive.google.com/open?id=1dpnvmufKjYD-AMXOoFZL6FgVqohor2IN,"¥134,000",1/1,アクリル絵具、油彩、キャンバス,2026,あり,w530×h333mm,なし,,なし,キャプション作成済み,260050010,登録済,,,,
2026/08/14 14:45:53,手嶋勇気,AID#80,https://drive.google.com/open?id=1AaR-cOj4d5TKn2gVh7g4PP9k3HomXsTD,"¥210,000",1/1,油彩、アクリル絵具、キャンバス,2026,あり,w805×h533mm,なし,,なし,キャプション作成済み,260050011,登録済,,,,
2026/08/14 15:00:08,手嶋勇気,AID#75,https://drive.google.com/open?id=1fCnXjo4_t1TTFU3yURnakFdVn2IyIspA,"¥350,000",1/1,アクリル絵具、キャンバス,2025,なし,w1820×h606mm  (w910×h606mm×2),なし,,なし,キャプション作成済み,260050012,登録済,,,,
2026/08/14 15:02:57,手嶋勇気,平和の灯,https://drive.google.com/open?id=1R_x5a8YY1v46ZDLZLRUo-_dR6TSZfQVx,"¥40,000",1/1,アクリル絵具、キャンバス,2022,あり,227x158mm,なし,,なし,キャプション作成済み,260050013,登録済,,,,
2026/08/14 15:04:14,手嶋勇気,慰霊碑,https://drive.google.com/open?id=1nXoTVkmeKUC51vNMcha34CSqTjGXTIeU,"¥25,000",1/1,アクリル絵具、キャンバス,2026,あり,50x100mm,なし,,なし,キャプション作成済み,260050014,登録済,非公開,,,
2026/08/14 15:05:57,手嶋勇気,圓鍔勝三の《花の精》,https://drive.google.com/open?id=1RbrNw-bPMQOlLdTSMTwGiFJpB-_uVZBN,"¥25,000",1/1,アクリル絵具、キャンバス,2026,あり,100x150mm,なし,,なし,キャプション作成済み,260050015,登録済,,,,
2026/08/26 16:10:13,SASAKI Ayaka,Phantasmagoric light.,https://drive.google.com/open?id=1Sh9zCe3FZbINkhL9gYtVN28DGe1Lx-oy,"¥55,000",1/1,アクリル絵具、キャンバス、テクスチャー、レジン,2026年,あり,H270×W450×Ｄ20,なし,,なし,,250030042,登録済,,,,
,,,,,,,,,,,,,,,,,,,
,,,,,,,,,,,,,,,,,,,
,,,,,,,,,,,,,,,,,,,
,,,,,,,,,,,,,,,,,,,
,,,,,,,,,,,,,,,,,,,
,,,,,,　,,,,,,,,,,,,,
,,,,,,,,,,,,,,,,,,,
,,,,,,,,,,,,,,,,,,,
,,,,,,,,,,,,,,,,,,,
,, ,,,,,,,,,,,,,,,,,
